Date,Close,High,Low,Open,Volume
01-01-2020,642.8439331,645.5920829,639.0925303,641.2299742,2112415
02-01-2020,640.9682617,646.290013,637.6530698,644.6324437,5658200
03-01-2020,650.8265381,652.5713814,640.2702576,640.2702576,7882938
06-01-2020,644.5888062,657.6315223,642.5386363,650.913864,6519403
07-01-2020,635.0357056,647.8602605,632.5928825,643.8471424,7899363
08-01-2020,626.5733643,635.9955093,617.9363669,632.4622116,8639443
09-01-2020,634.7304077,638.1764841,623.17082,629.626762,13521186
10-01-2020,643.9780884,648.1220914,637.3040412,645.9846476,9341405
13-01-2020,674.8616943,678.3077702,658.6782849,663.0403927,36952038
14-01-2020,676.6938477,677.8279851,669.3218744,671.7210338,11414418
15-01-2020,669.6272583,675.1235043,664.9162131,675.1235043,6047430
16-01-2020,669.147522,673.9458419,663.2586748,672.3754933,5740586
17-01-2020,669.8890991,674.2948721,665.003558,672.3755334,3762957
20-01-2020,670.4124756,675.6033954,665.6141562,673.160572,3887680
21-01-2020,665.2215576,672.2009313,663.6948196,670.4124775,4448374
22-01-2020,671.93927,678.7441493,668.2750879,670.4125319,9733935
23-01-2020,684.2838745,685.2871807,677.6098811,677.9588178,12528017
24-01-2020,682.8881836,686.1597654,674.9055026,676.7812308,7540490
27-01-2020,678.8313599,684.6765964,675.6034419,679.6601712,3741610
28-01-2020,678.7441406,682.0593327,673.50961,681.3614059,5121009
29-01-2020,688.9514771,691.6559632,684.1967678,686.2469376,6832757
30-01-2020,681.0996704,688.9514662,678.744121,688.9514662,3859680
31-01-2020,676.9556885,684.8074845,673.1606218,680.9688074,6092028
03-02-2020,669.496521,690.0420441,666.9664764,682.2338582,6416745
04-02-2020,687.3374634,689.1259706,671.8519771,671.8519771,5771311
05-02-2020,684.4584961,685.7235183,675.603447,681.3614094,6310409
06-02-2020,672.9424438,686.4213695,671.7646959,684.2839257,7341622
07-02-2020,678.1333008,679.4855436,672.6370553,676.9555529,2853344
10-02-2020,674.5564575,678.744071,671.5465921,675.2543842,3827682
11-02-2020,674.8616943,679.7036234,671.0666818,679.6164025,4312817
12-02-2020,681.4050293,683.3243679,676.214109,676.8248149,2948825
13-02-2020,691.1760864,692.7028244,682.4082591,684.8510292,4387430
14-02-2020,686.1160278,697.239404,684.5020158,693.1390116,5321680
17-02-2020,688.7333374,692.2230243,683.3679225,689.4748746,2929629
18-02-2020,695.887207,697.1085655,683.6733029,684.851051,5083346
19-02-2020,698.3299561,702.1685796,694.5785534,697.9373556,3985192
20-02-2020,695.3200684,703.2590842,692.5719188,700.7727038,4564569
24-02-2020,694.3167725,708.0574139,691.0888548,698.0245646,6627536
25-02-2020,696.5414429,703.1718259,693.924178,697.0648745,6996695
26-02-2020,682.8881836,699.2024824,680.9252345,692.6593187,8760569
27-02-2020,678.6131592,681.1432033,673.6840088,678.7440437,5223386
28-02-2020,638.3509521,660.248715,629.9320617,654.3162582,14123957
02-03-2020,646.5080566,668.1877667,640.1393892,642.9747596,9821523
03-03-2020,651.6989746,662.1680344,646.6825501,658.6783478,7826587
04-03-2020,661.9499512,664.3491108,650.4339743,657.7187273,11013444
05-03-2020,658.3294678,674.8618715,655.8430869,666.3121485,7755293
06-03-2020,644.6759644,649.0816829,636.0825795,646.464418,9216022
09-03-2020,614.5773315,633.2471195,608.0777808,632.0693718,10308654
11-03-2020,598.4813232,607.1619303,583.6937639,602.5381057,16165009
12-03-2020,550.6725464,584.5224952,547.4445757,582.7776519,13965574
13-03-2020,560.4000244,581.9052393,497.2803395,516.4736157,16903113
16-03-2020,508.7528076,542.7772587,506.0046576,542.6463742,19140152
17-03-2020,484.1503296,516.473536,479.8318324,513.0710708,16059887
18-03-2020,466.1348267,504.2596593,460.6385815,495.5354437,15390183
19-03-2020,475.9496155,486.8112756,444.2807206,444.2807206,16583991
20-03-2020,510.5411682,538.6767669,478.0870717,479.3957042,21354894
23-03-2020,459.286377,489.3849231,450.0823394,471.1076794,17146150
24-03-2020,514.5542603,524.4562776,455.4040851,455.4040851,20027097
25-03-2020,528.8619995,553.9877317,493.5289237,520.8357099,18339548
26-03-2020,560.9671631,567.8156523,534.0093108,536.5393551,14843813
27-03-2020,569.4295654,588.7973348,560.3127494,580.2039504,13495283
30-03-2020,546.7467041,578.8518128,541.8611105,545.3507974,14624804
31-03-2020,559.6585693,577.5432157,552.8536901,567.0741544,15175521
01-04-2020,525.8956909,556.1687288,518.2183921,553.4205797,13083824
03-04-2020,510.9773254,528.6874727,507.8802395,526.5064188,10221655
07-04-2020,557.477417,562.0576305,534.7072339,536.539298,15145605
08-04-2020,551.0215454,572.0033307,546.4413313,549.6256919,11806896
09-04-2020,555.0783691,569.5169393,551.4577974,564.2824085,11931114
13-04-2020,556.081665,568.5572859,546.1796459,548.7533008,8330276
15-04-2020,557.5210571,569.9530659,554.5111917,568.2954967,11963447
16-04-2020,544.2601929,553.9004941,526.5064346,540.8577806,17783287
17-04-2020,548.5350952,563.5843682,546.1359358,561.839525,8878320
20-04-2020,569.953064,576.6707214,557.4774448,558.3498665,13322913
21-04-2020,552.4174805,564.0206795,547.7063816,547.7063816,11660575
22-04-2020,559.9638672,562.7120169,547.9244579,552.4174512,8266728
23-04-2020,592.6359863,596.4310523,556.6922055,564.5003895,14451289
24-04-2020,574.0535278,588.884698,571.2617675,583.2575669,7319940
27-04-2020,579.8114014,594.1191376,576.7143152,576.7143152,7183306
28-04-2020,576.4090576,590.6295214,569.73501,587.1398344,7296571
29-04-2020,590.2368164,594.9915247,574.0534066,581.0327793,8639056
30-04-2020,624.2175903,628.1434871,609.0374348,610.6950569,16253821
04-05-2020,587.7504272,611.7420206,584.827783,601.7963933,9122740
05-05-2020,587.7504272,598.1322121,584.5224568,594.7734103,6393053
06-05-2020,580.9454956,594.5116392,579.3314839,590.5421321,7934250
07-05-2020,580.1169434,588.3176771,577.9358886,580.6403752,4779548
08-05-2020,588.1868286,594.0320657,583.2140134,586.4855953,8400321
11-05-2020,595.7767944,609.430162,591.5019068,595.4278045,7370186
12-05-2020,599.9207764,602.8433676,589.3208319,591.9380969,7356039
13-05-2020,605.5916138,610.6080391,596.5184058,606.158656,8287101
14-05-2020,574.1842651,586.0491769,569.3422829,574.9258022,16888262
15-05-2020,569.0806885,579.9859602,564.195148,579.9859602,9255353
18-05-2020,579.2008057,585.0023782,569.6913875,575.6674551,10435442
19-05-2020,583.3010864,588.7101112,571.4361734,579.2879682,5902208
20-05-2020,584.1299438,587.1398094,575.4930009,583.2139117,5794636
21-05-2020,586.4418945,592.766952,580.5094374,581.46908,7213225
22-05-2020,604.0211182,607.074594,587.5759911,588.8846236,11867731
26-05-2020,593.7264404,610.2152281,592.3741978,604.5880987,7099606
27-05-2020,615.4498901,618.7214715,588.8846391,598.5248881,8774636
28-05-2020,617.151123,619.4193981,601.9709644,616.8021331,9440091
29-05-2020,611.0493774,619.7154794,596.8564179,612.3758233,28290128
01-06-2020,618.6102905,624.888835,611.4917066,617.9028633,12276438
02-06-2020,626.1709595,629.3102584,616.8416328,619.4503209,7059304
03-06-2020,620.3787842,629.531294,615.4709448,628.4701264,11378568
04-06-2020,625.8614502,627.3647665,616.7974023,620.7767404,10782424
05-06-2020,622.1473389,629.3543833,619.5386511,625.1981753,7718679
08-06-2020,637.4456787,641.8229611,622.545291,625.7729977,10719105
09-06-2020,634.5717773,645.1833459,632.3168298,636.6941126,10078029
10-06-2020,633.024292,636.2077951,627.1437465,632.2726608,7263049
11-06-2020,622.5010376,630.8576571,619.2291271,629.6196194,8825715
12-06-2020,611.9779663,614.7193205,597.3428561,597.6081345,9795316
15-06-2020,607.9987183,622.8991631,605.9648449,612.8181503,7857344
16-06-2020,620.0692749,629.6196749,618.2564762,620.7767019,10131760
17-06-2020,622.2358398,628.1163847,617.2395383,618.9197248,7291916
18-06-2020,631.2998047,633.687364,624.3138351,626.2592998,6670195
19-06-2020,623.9158936,629.5312133,619.892352,626.9667298,22438862
22-06-2020,622.2800293,626.7015159,619.0081184,625.2866078,7804096
23-06-2020,637.2689819,640.6735055,612.0222464,615.2057497,12157390
24-06-2020,631.5209961,642.7073256,627.3205835,633.9528139,10220838
25-06-2020,619.4501953,623.9600895,613.2601148,623.2968666,14945284
26-06-2020,661.6313477,664.6379265,627.851175,628.0280453,26030458
29-06-2020,647.0845337,658.5361942,645.6254216,650.3122403,8954428
30-06-2020,650.798584,653.4514758,640.4522952,648.013026,10411290
01-07-2020,647.2172852,656.4139457,645.3160242,651.9482546,5477468
02-07-2020,669.0593872,676.8854515,650.3123256,652.0366624,17263756
03-07-2020,674.4536743,675.6032502,665.4338296,667.6445732,7796572
06-07-2020,675.6032715,685.3305437,673.3925278,676.6644392,8810958
07-07-2020,702.2647095,704.7407311,676.9737748,680.3783517,19362533
08-07-2020,685.0651855,694.0850295,682.8544421,694.0850295,8476642
09-07-2020,691.255249,698.5949062,685.330446,689.7519327,6854166
10-07-2020,691.3878174,698.5064538,684.0039566,684.0039566,5206452
13-07-2020,704.8292847,712.1689428,695.1020125,696.8264034,10804688
14-07-2020,692.6259155,713.0974212,690.9457289,701.2036108,8961822
15-07-2020,734.8068848,750.2820882,702.8395144,706.553574,30060599
16-07-2020,805.5949097,844.9461429,790.7829286,795.9560467,90432109
17-07-2020,798.6531372,813.4651172,788.9258668,805.5948495,31682878
20-07-2020,826.1989746,835.6609667,801.8365943,803.3841146,18421053
21-07-2020,828.3655396,839.817201,821.6891054,835.6609927,12877784
22-07-2020,811.6965942,830.3552475,804.7106233,830.3110435,14354201
23-07-2020,802.8978271,809.8395401,796.442467,809.7069279,13051307
24-07-2020,816.0737915,818.6382754,798.741585,798.741585,18209580
27-07-2020,838.711792,842.5584637,812.359743,814.9241728,16827870
28-07-2020,851.4456177,855.6018257,832.3006139,836.54523,15818463
29-07-2020,843.7523193,848.9254371,834.4229393,842.9564301,11152710
30-07-2020,850.2077637,860.1119056,847.8201498,850.6941165,12492320
31-07-2020,854.2312622,872.3151543,843.0006748,857.1052287,12704346
03-08-2020,846.184082,853.7006089,837.827462,848.925382,8479792
04-08-2020,839.9499512,858.3875863,831.7259953,849.323537,11133170
05-08-2020,835.395752,849.7655845,829.7362271,841.8511121,9614176
06-08-2020,858.5200195,861.6593182,833.4502124,843.1774828,10976491
07-08-2020,840.878418,857.2821239,839.1982313,857.2821239,8010948
10-08-2020,841.2762451,846.0956764,835.9262571,839.1097598,5716319
11-08-2020,838.711792,850.6940097,836.6336609,839.9940339,6802442
12-08-2020,844.4597778,847.8643011,833.1849865,838.3139004,6908726
13-08-2020,841.1436157,856.4419485,838.5349279,844.3270645,5097703
14-08-2020,843.2659302,851.5783468,841.8952801,845.2555992,4663873
17-08-2020,846.7147217,859.934978,843.7080891,843.7080891,9008210
18-08-2020,855.6018677,857.0609799,847.7758579,852.3742148,6141761
19-08-2020,848.3064575,859.1391003,846.670529,858.5643394,6622744
20-08-2020,844.6365967,853.7890522,841.2320197,847.9527116,5656501
21-08-2020,839.0213013,851.9762788,837.0316323,851.6225383,6513773
24-08-2020,837.7833252,841.8510714,830.5320762,837.4295847,5798574
25-08-2020,829.5593262,838.8887064,825.5799881,837.8717429,6233918
26-08-2020,840.789856,843.8406924,829.8246019,832.3448276,5153601
27-08-2020,837.4738159,849.765571,835.8378874,848.9254777,6154280
28-08-2020,827.0390625,842.2931912,825.0935976,841.3646898,7593610
31-08-2020,821.1584473,840.5245796,808.7782851,827.0390459,12808355
01-09-2020,808.3804932,826.8180724,806.5676403,819.0804702,6907773
02-09-2020,817.0907593,819.2130945,807.805637,809.1320831,5678118
03-09-2020,827.3043213,839.5518712,817.0906984,819.3014416,8827948
04-09-2020,812.8019409,821.954397,808.6457325,809.1320853,8650342
07-09-2020,818.0192261,820.2299694,807.4076582,812.5808299,6700385
08-09-2020,830.6204224,841.8510086,818.4613348,822.3522644,12891964
09-09-2020,820.4067993,836.5452246,818.8592791,826.8179546,5528947
10-09-2020,831.2836914,833.008082,817.7981572,827.0832791,5171884
11-09-2020,836.2799683,843.7522912,823.2807871,826.7295682,6671903
14-09-2020,865.1965332,876.3828621,838.5791511,846.2725487,21871587
15-09-2020,868.7778931,878.9915161,859.227493,866.1692052,11608203
16-09-2020,885.8447876,889.2935685,868.3799166,871.9171056,10059251
17-09-2020,894.0245361,902.8675088,879.8757799,879.8757799,15628241
18-09-2020,886.1985474,900.9220648,883.5013975,894.0245568,12897633
21-09-2020,893.0519409,911.7105939,884.739524,885.1816727,14140637
22-09-2020,890.9296875,904.1941493,876.5156498,892.2561337,12625762
23-09-2020,901.762146,917.016274,891.4600612,902.1158865,13486204
24-09-2020,862.5437012,892.2560721,857.7684736,886.9502877,14427432
25-09-2020,894.4224854,897.4733217,862.189839,862.8972661,13311078
28-09-2020,893.4940186,898.5787281,882.970859,897.3848943,8554526
29-09-2020,892.2560425,909.0576924,887.9229638,900.2147188,8708463
30-09-2020,891.5928345,905.4763142,888.718868,892.2560575,8048817
01-10-2020,899.9051514,907.7311607,894.6877758,902.5137852,5563358
05-10-2020,927.3625488,932.8452569,900.2588686,900.2588686,14212509
06-10-2020,933.5969238,937.3551876,912.020047,932.9337008,9090819
07-10-2020,943.1473389,947.966716,915.6898642,924.0022805,9284008
08-10-2020,967.1560059,993.9502598,962.4692945,963.8841487,21482613
09-10-2020,978.7402344,984.4881665,962.5132936,968.3938918,10567867
12-10-2020,1001.113098,1008.099069,983.4271496,993.0660131,14633537
13-10-2020,1023.839478,1031.13493,1004.163862,1004.163862,17523825
14-10-2020,1005.445923,1030.117836,1000.228548,1027.553353,16649573
15-10-2020,980.0223999,1048.776509,966.0947186,1043.470726,44288251
16-10-2020,997.0452271,1004.517496,969.9857507,984.9745471,18365685
19-10-2020,995.6303101,1007.214583,986.2567807,1003.677394,12902123
20-10-2020,1005.888184,1012.255081,981.5700077,989.4402753,10448776
21-10-2020,1015.482788,1020.788572,1003.677441,1009.115891,19811433
22-10-2020,998.4159546,1024.016319,993.7733936,1009.867562,11271335
23-10-2020,1003.28717,1014.459633,1001.186769,1012.672039,9069862
26-10-2020,994.3045654,1009.633208,985.9923177,1003.063821,6309368
27-10-2020,974.9984741,991.8465264,962.7534984,988.2713383,10172479
28-10-2020,962.2172241,987.4222564,956.4075435,979.154634,7608392
29-10-2020,960.6976318,967.0883019,947.5141268,956.3627384,6935616
30-10-2020,947.9610596,968.5183902,940.5872345,958.150367,8800386
02-11-2020,958.4185181,965.2559775,939.4699572,951.8937567,7183119
03-11-2020,949.7041626,964.7646221,945.1904436,958.1505016,7204782
04-11-2020,977.769165,997.4774321,953.5026643,954.575177,15702690
05-11-2020,986.7518921,1003.734035,982.2829071,992.0253162,9568890
06-11-2020,994.5725708,1002.035754,975.7581011,990.3270352,8807127
09-11-2020,1015.845032,1024.29137,1002.080536,1009.365003,10160320
10-11-2020,975.1773071,995.5558142,963.5132121,995.5558142,15622869
11-11-2020,1003.28717,1006.728267,971.5573757,979.601549,12514800
12-11-2020,999.0413818,1020.715954,995.4661946,1008.292157,9180976
13-11-2020,1004.806396,1012.671853,998.3711027,1001.052493,6363212
14-11-2020,1013.074036,1018.615642,1010.973635,1016.247058,1136144
17-11-2020,1004.359741,1023.397663,994.4833489,1023.174214,12813968
18-11-2020,992.6063843,1012.403902,984.4727436,1008.649998,9839468
19-11-2020,980.2719116,996.315525,977.635254,983.176752,10092343
20-11-2020,986.1708374,991.220812,975.2218248,988.5394211,8063554
23-11-2020,1018.794373,1023.218733,984.9194483,987.6455725,10546363
24-11-2020,1018.973328,1032.246191,1012.984822,1023.397579,8515426
25-11-2020,997.1646729,1022.056898,993.2319441,1016.247218,8958701
26-11-2020,994.9747314,1001.007861,981.657244,1001.007861,10962256
27-11-2020,983.1767578,1001.946496,975.1325843,999.2651048,25306145
01-12-2020,1017.006775,1019.151909,987.6903022,987.6903022,8933802
02-12-2020,1019.733215,1025.587521,1001.94663,1013.565993,6741637
03-12-2020,1006.817444,1025.185013,1003.465706,1025.185013,16212632
04-12-2020,1014.14679,1016.247191,996.5836567,1005.521627,10564055
07-12-2020,1022.056824,1030.547895,1015.353347,1025.453296,7792141
08-12-2020,1030.86084,1043.061192,1023.397656,1023.397656,12308330
09-12-2020,1050.390137,1054.233507,1034.123076,1043.999576,10039346
10-12-2020,1043.731323,1047.217153,1027.866428,1034.480547,9488782
11-12-2020,1039.664673,1047.485397,1032.55903,1036.536383,10574009
14-12-2020,1040.871338,1048.066338,1026.25767,1045.206232,6728187
15-12-2020,1031.978149,1040.111682,1029.654299,1033.229487,6905926
16-12-2020,1041.89917,1044.759386,1031.084248,1036.80457,7788404
17-12-2020,1036.089355,1044.759251,1033.407965,1042.07786,6658153
18-12-2020,1063.439941,1068.087643,1050.747956,1057.227985,15995676
21-12-2020,1052.267334,1081.271005,1029.698958,1061.830919,10858352
22-12-2020,1090.879272,1093.873471,1051.194663,1056.468087,10901851
23-12-2020,1119.97229,1125.156247,1099.861859,1106.520603,15878346
24-12-2020,1104.77771,1117.156775,1095.795007,1117.156775,7313885
28-12-2020,1108.576416,1115.458609,1104.733045,1106.922804,4607051
29-12-2020,1117.514404,1121.223574,1103.839267,1103.839267,6878105
30-12-2020,1114.386108,1120.195789,1106.654743,1119.927606,5194690
31-12-2020,1122.430176,1124.754026,1107.414344,1110.989532,7430470
01-01-2021,1126.586304,1131.100022,1122.430235,1124.307187,4253550
04-01-2021,1151.43396,1152.998105,1127.212084,1134.228368,7208454
05-01-2021,1156.394653,1161.042354,1139.635959,1145.847805,8145280
06-01-2021,1145.937012,1163.723592,1133.37923,1161.935998,7161715
07-01-2021,1128.105835,1159.835626,1122.162063,1158.36084,10954918
08-01-2021,1172.750854,1176.951765,1142.495852,1142.495852,13186251
11-01-2021,1230.043335,1236.434005,1197.687929,1199.56488,20528626
12-01-2021,1226.06604,1231.652271,1215.563925,1231.652271,8309868
13-01-2021,1239.830566,1244.880541,1215.563955,1227.943022,14442997
14-01-2021,1224.948853,1237.015113,1178.426673,1215.563984,27521697
15-01-2021,1202.112183,1219.541223,1197.687931,1215.563871,15018441
18-01-2021,1172.706421,1197.688004,1167.298905,1195.90041,8861765
19-01-2021,1176.817749,1189.643713,1172.661571,1179.811947,5585744
20-01-2021,1197.196533,1205.196083,1180.303855,1180.303855,8225838
21-01-2021,1197.419922,1216.502577,1193.219119,1206.626076,6142421
22-01-2021,1198.447754,1211.988801,1185.666522,1186.068687,9646591
25-01-2021,1184.370361,1204.748976,1173.55544,1202.156943,6542611
27-01-2021,1162.829712,1186.560062,1148.61832,1179.454312,8133665
28-01-2021,1140.663696,1158.763086,1137.401424,1154.607017,4660690
29-01-2021,1107.459229,1154.026031,1100.264119,1149.646404,12183519
01-02-2021,1126.988647,1142.227821,1109.202066,1117.73787,8880279
02-02-2021,1136.23938,1156.930801,1129.401811,1144.060103,6892490
03-02-2021,1148.216309,1165.511258,1137.803552,1141.95973,8182968
04-02-2021,1143.479126,1156.037017,1136.954474,1148.529101,5032240
05-02-2021,1136.999023,1151.880764,1127.971696,1149.780363,5477481
08-02-2021,1165.109009,1170.873955,1140.037962,1148.975931,6921922
09-02-2021,1166.896606,1190.537491,1160.014305,1168.10321,7965949
10-02-2021,1158.807861,1165.824146,1147.277858,1158.182247,5951207
11-02-2021,1155.366821,1158.36102,1146.786391,1152.10444,4673317
12-02-2021,1170.695435,1183.16386,1163.321609,1166.405165,5797875
15-02-2021,1170.561279,1187.319973,1168.282053,1179.812057,4363513
16-02-2021,1153.355835,1179.588759,1149.423106,1174.449425,6896421
17-02-2021,1145.222046,1157.020122,1139.591082,1153.355576,4575741
18-02-2021,1155.187988,1167.298982,1139.591273,1140.48507,6437551
19-02-2021,1154.160278,1161.489371,1141.20022,1158.450439,5389696
22-02-2021,1130.831787,1169.57797,1126.184087,1157.466978,7371303
23-02-2021,1131.859741,1153.891858,1123.994394,1136.15001,6612942
24-02-2021,1138.965698,1141.021366,1119.033979,1126.229089,4537258
25-02-2021,1139.188965,1161.712605,1136.909739,1151.612655,8788221
26-02-2021,1120.195557,1138.965289,1112.55355,1134.228123,15132388
01-03-2021,1132.440674,1148.08212,1125.290299,1129.133669,5756286
02-03-2021,1165.958008,1170.873891,1143.344904,1146.071028,10461434
03-03-2021,1200.860962,1203.944518,1169.086436,1179.096918,9056399
04-03-2021,1189.062744,1219.004942,1185.085391,1193.218922,12041941
05-03-2021,1176.862427,1197.68794,1166.449779,1187.409275,6486176
08-03-2021,1193.889404,1203.140182,1177.309425,1184.10237,5119392
09-03-2021,1202.648804,1207.028322,1178.694996,1188.303316,6518173
10-03-2021,1222.848267,1228.076957,1211.094815,1212.793051,7925984
12-03-2021,1228.83667,1243.897126,1224.54651,1227.183167,9462061
15-03-2021,1227.71936,1233.350324,1214.223049,1224.501713,6658635
16-03-2021,1237.014893,1256.678424,1233.886603,1238.84722,9352771
17-03-2021,1239.696533,1251.315895,1235.227548,1244.388968,7626744
18-03-2021,1195.095947,1245.729569,1174.00236,1245.729569,10961755
19-03-2021,1201.665161,1211.273478,1178.024278,1188.74984,12767112
22-03-2021,1225.216919,1229.86462,1194.202099,1206.715256,4862758
23-03-2021,1225.887329,1236.34471,1215.206389,1226.691659,7165335
24-03-2021,1209.977661,1224.904027,1203.274184,1213.642207,6134303
25-03-2021,1192.146362,1208.860321,1186.604756,1203.720989,8749994
26-03-2021,1194.291626,1212.614466,1190.537722,1201.888901,4922071
30-03-2021,1238.177124,1251.315897,1194.246976,1203.855295,10546381
31-03-2021,1222.759155,1240.590364,1218.513619,1235.227581,8220987
01-04-2021,1238.087524,1243.807847,1225.395651,1233.439824,5675155
05-04-2021,1260.164307,1273.660618,1239.696335,1243.271523,9479572
06-04-2021,1261.192261,1274.554482,1257.080707,1271.873091,5793571
07-04-2021,1278.308472,1282.554008,1257.214884,1260.477265,5879234
08-04-2021,1286.933472,1297.524943,1270.085422,1278.129594,5654434
09-04-2021,1288.006226,1300.47465,1278.174458,1300.47465,6052712
12-04-2021,1274.331055,1320.629782,1264.722737,1317.456759,20384532
13-04-2021,1248.768555,1282.8222,1228.970928,1280.811157,14855206
15-04-2021,1216.234131,1221.284105,1179.811907,1190.805653,25342491
16-04-2021,1209.977661,1225.261568,1203.586991,1220.032877,10879878
19-04-2021,1217.84314,1233.171671,1190.850405,1197.687974,12508028
20-04-2021,1207.832397,1232.545903,1199.832959,1232.545903,8560766
22-04-2021,1207.609009,1219.854092,1202.290961,1211.586471,6622446
23-04-2021,1192.146362,1205.195775,1189.643687,1200.36925,7316262
26-04-2021,1200.860962,1207.787888,1180.705797,1190.761013,7088606
27-04-2021,1205.285156,1209.307242,1197.821974,1203.050664,3636115
28-04-2021,1211.988647,1215.116937,1201.799341,1213.776241,4879234
29-04-2021,1212.301392,1223.607944,1207.877141,1222.714147,5412357
30-04-2021,1210.513794,1227.987567,1202.961254,1203.318794,8354677
03-05-2021,1208.458252,1216.457691,1195.900361,1198.403036,4560337
04-05-2021,1188.213867,1211.050317,1183.476699,1210.201254,4887060
05-05-2021,1199.028809,1201.173943,1186.783832,1198.671268,3939788
06-05-2021,1216.993774,1219.764523,1195.363934,1202.156768,4810090
07-05-2021,1208.905151,1227.227989,1205.28523,1220.301063,4991435
10-05-2021,1197.285889,1209.218058,1193.263802,1206.491933,7195348
11-05-2021,1189.330933,1198.581709,1184.370316,1194.917164,6420988
12-05-2021,1186.068481,1188.749872,1174.89602,1188.749872,5241898
14-05-2021,1176.59436,1185.934495,1172.036018,1185.934495,4824609
17-05-2021,1188.213867,1193.174376,1180.080336,1180.080336,5017129
18-05-2021,1197.687988,1201.799433,1188.30312,1195.900394,5620150
19-05-2021,1195.006592,1213.284697,1191.654853,1199.475577,4435878
20-05-2021,1197.062378,1205.821523,1193.219007,1205.195909,4490092
21-05-2021,1210.647949,1213.32934,1203.363482,1204.391371,4969733
24-05-2021,1204.883179,1218.245401,1202.246412,1212.569812,4225371
25-05-2021,1216.993774,1222.714096,1210.603105,1213.776128,4099340
26-05-2021,1248.85791,1251.315852,1217.396298,1222.624989,6850024
27-05-2021,1253.326904,1265.840063,1243.897302,1255.069765,15365391
28-05-2021,1255.829468,1263.828907,1247.829919,1260.03027,4261312
31-05-2021,1259.172241,1266.173916,1249.46024,1266.173916,4429904
01-06-2021,1253.254517,1265.722059,1245.530155,1264.818617,4791325
02-06-2021,1245.530273,1257.545985,1233.198269,1247.427479,9272276
03-06-2021,1255.46814,1263.9153,1244.084793,1254.06776,5115645
04-06-2021,1251.854248,1262.017969,1244.626713,1259.352749,4194328
07-06-2021,1255.46814,1257.591206,1244.310654,1256.687764,5154576
08-06-2021,1276.518188,1284.468521,1260.798388,1261.204892,7360630
09-06-2021,1278.641479,1287.404823,1268.974584,1276.924918,5394317
10-06-2021,1286.772339,1291.018472,1281.984053,1286.501262,3496575
11-06-2021,1307.190186,1311.436319,1291.425057,1292.012317,6140828
14-06-2021,1320.651489,1334.383763,1313.107661,1328.963111,7132294
15-06-2021,1331.583008,1333.480214,1321.735469,1322.638911,5403104
16-06-2021,1337.636108,1345.631547,1325.801041,1330.498895,7661710
17-06-2021,1350.91687,1357.557147,1332.667276,1332.667276,7677951
18-06-2021,1358.144409,1369.437434,1343.779659,1363.293984,13533974
21-06-2021,1355.433838,1360.402768,1340.888336,1348.838668,5454052
22-06-2021,1365.86853,1374.54155,1357.059972,1363.926108,6427862
23-06-2021,1358.008789,1377.748974,1353.9433,1377.748974,5529809
24-06-2021,1408.646484,1417.274398,1365.281276,1370.521283,10785137
25-06-2021,1422.198242,1425.631366,1394.010898,1420.210714,9780240
28-06-2021,1420.030029,1427.573747,1409.911414,1421.023793,5019178
29-06-2021,1412.124878,1421.70134,1408.646538,1410.272778,5913567
30-06-2021,1428.161133,1437.376197,1420.256015,1420.256015,6058722
01-07-2021,1409.730835,1424.592411,1408.51121,1424.592411,4814317
02-07-2021,1416.416382,1417.906973,1393.649578,1408.420832,5166064
05-07-2021,1426.489746,1431.955614,1410.318222,1417.63608,4058338
06-07-2021,1411.357056,1433.536601,1406.749523,1421.746639,4089574
07-07-2021,1413.525024,1418.900569,1395.501405,1414.835081,4797120
08-07-2021,1410.046997,1423.824487,1399.431554,1416.596951,3326813
09-07-2021,1411.98938,1418.313473,1401.238399,1405.755609,3436594
12-07-2021,1398.392456,1425.63125,1385.653948,1418.900652,4588982
13-07-2021,1395.772583,1406.117059,1387.957898,1406.117059,4456160
14-07-2021,1424.637817,1429.968148,1389.584221,1403.948972,5657716
15-07-2021,1428.161133,1442.66131,1405.755727,1407.472289,10021355
16-07-2021,1405.258911,1422.605065,1399.973797,1421.791945,6265593
19-07-2021,1392.836426,1402.955042,1389.08723,1395.546752,5669162
20-07-2021,1400.380127,1407.291369,1389.493608,1389.764685,5069939
22-07-2021,1436.653564,1439.047708,1410.634498,1410.634498,7854575
23-07-2021,1436.879272,1444.152025,1432.000774,1435.162821,4179719
26-07-2021,1449.03064,1456.032315,1440.176864,1440.176864,4586710
27-07-2021,1447.811035,1453.909269,1443.610008,1450.024424,5892859
28-07-2021,1450.566162,1452.373046,1432.407004,1450.114441,4686788
29-07-2021,1460.865601,1463.575926,1445.59741,1445.59741,4660873
30-07-2021,1454.993286,1466.64771,1451.063336,1454.541565,6234257
02-08-2021,1474.010742,1476.901712,1462.853146,1470.306542,5553389
03-08-2021,1495.377075,1498.494016,1477.669635,1487.968895,5513668
04-08-2021,1490.001587,1517.692104,1480.786523,1507.934887,6740391
05-08-2021,1493.886353,1505.13416,1488.01398,1490.227369,5420536
06-08-2021,1490.859985,1500.301021,1485.258689,1497.003435,3754855
09-08-2021,1502.694946,1506.444142,1487.426756,1500.616986,5018477
10-08-2021,1515.297974,1517.782439,1500.662259,1506.941136,6846517
11-08-2021,1515.569214,1521.396371,1506.941298,1513.084748,4899639
12-08-2021,1526.455566,1532.689338,1512.361893,1517.014642,5659579
13-08-2021,1546.873291,1556.178787,1527.991442,1533.141017,5612790
16-08-2021,1539.826416,1553.874872,1526.907153,1542.807708,4564109
17-08-2021,1573.479492,1580.029445,1523.699869,1539.374563,9510390
18-08-2021,1566.071289,1585.992227,1560.244133,1562.051017,6686090
20-08-2021,1565.619629,1576.506148,1550.396655,1550.396655,6206972
23-08-2021,1570.859741,1583.869328,1564.761508,1568.149415,6189051
24-08-2021,1554.687988,1587.347435,1547.324915,1581.023342,7602939
25-08-2021,1567.96875,1578.222794,1552.113299,1552.113299,6153253
26-08-2021,1560.876709,1577.409742,1553.92025,1566.568438,5302248
27-08-2021,1543.801514,1560.876477,1540.549035,1558.437228,6698514
30-08-2021,1534.0896,1552.700481,1527.178247,1538.606809,6559667
31-08-2021,1541.678345,1549.402817,1523.067464,1535.986727,12255438
01-09-2021,1515.749634,1544.433914,1511.593823,1544.433914,7801974
02-09-2021,1526.003784,1530.701749,1502.107789,1515.388341,6830050
03-09-2021,1536.438477,1541.226652,1521.757546,1532.282666,5339139
06-09-2021,1563.315796,1564.761281,1535.263882,1540.503889,4876026
07-09-2021,1541.859131,1567.381364,1539.464988,1562.954477,3520341
08-09-2021,1529.753174,1536.619311,1520.447677,1536.619311,4584896
09-09-2021,1528.262329,1531.243732,1519.724847,1523.112754,3331674
13-09-2021,1528.533447,1537.206468,1513.445901,1520.492792,4662374
14-09-2021,1523.338501,1532.192165,1516.517471,1532.192165,4945167
15-09-2021,1546.195679,1549.493264,1526.997537,1529.753079,4062344
16-09-2021,1537.884033,1553.242546,1528.126816,1549.583562,3246568
17-09-2021,1527.991455,1552.113312,1521.802789,1533.14103,7454864
20-09-2021,1524.87439,1542.807689,1515.930293,1522.299602,5660743
21-09-2021,1552.519653,1560.018265,1521.983384,1535.851195,4672222
22-09-2021,1551.119507,1570.99523,1547.641277,1551.209829,4553892
23-09-2021,1574.292603,1576.505991,1554.913709,1564.761247,3826090
24-09-2021,1593.536133,1615.354279,1583.236872,1588.251019,8280446
27-09-2021,1554.958984,1598.188655,1552.203443,1597.962795,5045337
28-09-2021,1524.196655,1544.885495,1513.265031,1544.885495,6557197
29-09-2021,1528.849609,1537.116125,1495.196397,1499.036026,7792548
30-09-2021,1513.445923,1538.561653,1508.838391,1538.561653,6914031
01-10-2021,1504.366455,1516.833888,1500.843009,1504.321239,5733906
04-10-2021,1516.653198,1525.010036,1504.59227,1511.006686,2947154
05-10-2021,1529.346558,1538.516405,1502.423944,1509.651479,4373310
06-10-2021,1511.9552,1543.982171,1508.747937,1537.7484,4271698
07-10-2021,1527.720337,1539.645727,1514.755967,1524.106569,5476108
08-10-2021,1557.398438,1564.309791,1534.405883,1540.594439,4738376
11-10-2021,1527.674927,1562.954375,1503.056137,1519.589166,8840633
12-10-2021,1522.435181,1525.91341,1501.520478,1515.072107,7439300
13-10-2021,1544.162964,1548.183347,1517.827719,1532.192358,7104171
14-10-2021,1550.080444,1611.378955,1534.224995,1584.637097,19655776
18-10-2021,1619.103516,1625.292071,1571.988996,1571.988996,13438109
19-10-2021,1646.206787,1657.364273,1610.204647,1638.843713,10324260
20-10-2021,1628.318604,1669.560751,1620.820101,1652.756753,5876115
21-10-2021,1584.321045,1638.843746,1578.177595,1638.843746,8779629
22-10-2021,1553.739502,1592.948794,1542.175401,1580.933082,7369809
25-10-2021,1542.672363,1562.728731,1524.287231,1555.772272,5905209
26-10-2021,1552.834839,1573.707033,1545.725607,1558.622626,5871709
27-10-2021,1575.848999,1580.588598,1550.510795,1557.756767,5090259
28-10-2021,1553.017334,1572.021016,1542.21669,1567.099171,5329972
29-10-2021,1520.068359,1560.946806,1513.961698,1548.551127,5875091
01-11-2021,1549.508057,1556.024824,1527.587676,1528.954849,3636806
02-11-2021,1547.548584,1555.341403,1537.021308,1544.905361,3471772
03-11-2021,1551.741211,1565.367323,1548.551141,1557.665627,3530713
04-11-2021,1557.39209,1564.957157,1554.019775,1563.13426,483407
08-11-2021,1583.641846,1586.831916,1552.196871,1576.805982,5245903
09-11-2021,1588.199097,1595.034961,1573.160196,1581.13537,4016134
10-11-2021,1586.057251,1595.900829,1569.46882,1573.160231,4780368
11-11-2021,1579.813965,1585.692764,1557.665718,1579.494869,4731349
12-11-2021,1622.560791,1624.976152,1584.143321,1588.654947,5069009
15-11-2021,1628.895386,1640.607478,1618.276987,1624.292526,4354074
16-11-2021,1633.589111,1648.764639,1619.643905,1631.492735,6034233
17-11-2021,1629.168823,1642.430445,1623.016545,1633.8173,4732492
18-11-2021,1621.831543,1630.991534,1603.237971,1623.836685,4326924
22-11-2021,1603.602661,1627.300324,1596.08321,1626.024274,6621839
23-11-2021,1583.094971,1592.528441,1558.576983,1581.454319,8436160
24-11-2021,1545.816895,1586.376359,1538.525305,1585.920635,7333061
25-11-2021,1569.87915,1573.342588,1546.682716,1549.462679,4476260
26-11-2021,1541.852173,1566.187808,1534.879568,1551.786986,4494181
29-11-2021,1546.135864,1560.400058,1521.344506,1541.259636,3942776
30-11-2021,1560.992432,1576.71492,1549.508202,1553.60972,14808963
01-12-2021,1563.043213,1587.652325,1561.311438,1563.134335,5193264
02-12-2021,1593.439941,1595.490701,1559.807467,1563.134277,5559574
03-12-2021,1581.864624,1628.439624,1579.130278,1614.266554,6754012
06-12-2021,1545.178833,1580.406232,1541.715284,1576.806054,3991449
07-12-2021,1560.081055,1572.157749,1543.993964,1550.465227,4202122
08-12-2021,1598.088379,1603.967289,1579.17582,1579.540422,3029169
09-12-2021,1607.293945,1612.717131,1587.743418,1603.238044,2082171
10-12-2021,1603.465942,1607.567461,1591.389248,1604.149529,1823469
13-12-2021,1590.158813,1614.494446,1584.826861,1610.575284,4040584
14-12-2021,1596.994629,1606.883824,1558.896034,1577.626347,4768144
15-12-2021,1580.634277,1593.166697,1568.785444,1590.477968,3053149
16-12-2021,1614.72229,1620.190982,1602.326612,1606.56487,4481031
17-12-2021,1659.611084,1678.888243,1646.759682,1658.836375,18887243
20-12-2021,1639.604736,1667.631778,1629.031956,1642.156725,5773891
21-12-2021,1651.180176,1675.24244,1641.518843,1641.518843,5353584
22-12-2021,1663.120239,1667.176252,1651.863871,1663.393718,4156428
23-12-2021,1693.106812,1696.752606,1665.216508,1669.090164,4112933
24-12-2021,1698.484375,1709.64962,1689.825614,1707.097519,3780347
27-12-2021,1700.89978,1708.510354,1681.668238,1695.294349,2647733
28-12-2021,1720.814941,1728.015408,1712.065057,1714.161322,3340933
29-12-2021,1718.582031,1726.101483,1710.242254,1716.713517,3236635
30-12-2021,1725.235474,1740.684594,1708.373674,1717.6249,4584738
31-12-2021,1720.587036,1730.248369,1705.912736,1722.637795,4619420
03-01-2022,1730.339478,1744.558164,1720.587022,1720.587022,3329616
04-01-2022,1730.977661,1737.813526,1711.700501,1730.33958,3921999
05-01-2022,1681.303467,1734.395341,1677.065209,1731.752118,6995719
06-01-2022,1656.831299,1666.12803,1640.607469,1666.12803,6449205
07-01-2022,1653.641357,1673.419749,1646.805492,1654.689434,4834389
10-01-2022,1686.863403,1704.317665,1652.456221,1654.279118,7857560
11-01-2022,1691.283936,1704.408817,1686.316585,1690.737089,5142287
12-01-2022,1711.199219,1721.726495,1695.294484,1703.4064,5362535
13-01-2022,1728.835693,1743.145391,1701.082018,1736.309527,14277630
14-01-2022,1758.503296,1761.830105,1714.434779,1715.346228,7688506
17-01-2022,1767.754395,1780.879275,1759.551358,1766.888563,5262464
18-01-2022,1750.664795,1772.767422,1742.188279,1751.895228,3690315
19-01-2022,1701.720093,1746.335456,1697.891942,1746.335456,5747770
20-01-2022,1662.208862,1684.357109,1654.735028,1680.711314,5533463
21-01-2022,1627.57373,1647.899079,1618.732723,1636.050247,8252758
24-01-2022,1583.004028,1612.033645,1574.983236,1608.706835,7116712
25-01-2022,1569.651123,1585.920457,1549.91824,1573.707025,9137653
27-01-2022,1529.957642,1558.303672,1517.561963,1551.285562,11231734
28-01-2022,1536.884521,1574.573009,1530.777861,1532.145033,10998502
31-01-2022,1582.457031,1594.579342,1563.45335,1565.868711,8788872
01-02-2022,1615.132446,1622.378418,1581.089754,1609.709261,5119935
02-02-2022,1628.849731,1634.045055,1615.08688,1630.581506,4253717
03-02-2022,1584.598999,1621.46705,1580.451863,1621.46705,3832922
04-02-2022,1586.923218,1598.635311,1558.713927,1578.629057,4700077
07-02-2022,1563.134277,1578.628903,1545.269908,1569.696662,4310209
08-02-2022,1565.230713,1572.248823,1545.816813,1558.577094,6053401
09-02-2022,1583.459717,1588.654929,1572.248854,1581.36334,3867244
10-02-2022,1612.89917,1616.818443,1593.895492,1600.184508,4334630
11-02-2022,1568.921875,1591.343486,1561.311302,1585.920412,7551371
14-02-2022,1533.23877,1566.370015,1529.638592,1540.348113,7459637
15-02-2022,1584.325439,1592.072752,1540.758154,1548.551084,4669915
16-02-2022,1579.813965,1600.002463,1573.935054,1584.325591,5350642
17-02-2022,1572.06665,1594.123663,1567.965132,1589.56642,3937950
18-02-2022,1555.797119,1569.970189,1552.652666,1558.577082,5602215
21-02-2022,1577.44397,1583.459619,1541.715231,1550.373992,5120890
22-02-2022,1580.770752,1595.946392,1541.305097,1549.371394,8878515
23-02-2022,1588.518066,1602.554396,1579.904922,1595.034946,5478811
24-02-2022,1529.547363,1563.088602,1522.57476,1540.439129,13592379
25-02-2022,1544.540771,1575.119916,1528.499298,1563.134345,9737281
28-02-2022,1563.68103,1575.028631,1517.561758,1533.238628,15076542
02-03-2022,1552.014648,1562.587429,1541.259511,1558.577034,6771489
03-03-2022,1568.466309,1580.360757,1554.521212,1567.873845,7344147
04-03-2022,1570.699341,1582.274693,1532.145022,1545.133164,9074499
07-03-2022,1585.783813,1595.946488,1545.816815,1546.728263,9742588
08-03-2022,1620.737915,1640.60754,1566.278859,1566.278859,10984500
09-03-2022,1652.775269,1669.409205,1632.404415,1632.404415,10193515
10-03-2022,1664.214111,1681.394896,1649.904301,1681.394896,6547182
11-03-2022,1660.65918,1669.226818,1650.633246,1653.367592,4758657
14-03-2022,1723.275757,1727.19503,1669.363663,1669.363663,10289724
15-03-2022,1676.427368,1721.133853,1667.950852,1721.133853,7140443
16-03-2022,1722.090942,1726.237967,1685.268398,1699.851575,5233979
17-03-2022,1690.372314,1752.988891,1670.730667,1752.988891,17731459
21-03-2022,1688.959961,1719.812475,1678.068083,1696.205933,8362085
22-03-2022,1720.268066,1722.63781,1676.153933,1686.179867,5709382
23-03-2022,1706.596313,1731.752272,1692.559983,1729.017926,6192824
24-03-2022,1719.630127,1726.830594,1691.785437,1691.785437,3784303
25-03-2022,1710.378906,1726.28364,1693.47149,1724.460743,3438588
28-03-2022,1707.963623,1714.343764,1688.59534,1700.763157,4008555
29-03-2022,1718.991943,1722.090891,1695.795623,1707.963438,3917785
30-03-2022,1735.352417,1749.069762,1727.194997,1740.866725,7795839
31-03-2022,1737.99585,1743.601281,1726.466002,1731.752449,5399145
01-04-2022,1734.987915,1741.140193,1711.973839,1719.766658,6171518
04-04-2022,1716.212158,1725.372261,1707.143289,1722.410053,7364074
05-04-2022,1696.296875,1722.273159,1692.696698,1716.986824,5472024
06-04-2022,1666.902588,1693.01561,1660.795927,1690.736989,5407453
07-04-2022,1650.633301,1666.264665,1647.488848,1659.793403,5797544
08-04-2022,1653.914551,1675.24247,1647.899012,1661.570741,5131446
11-04-2022,1610.119507,1653.367697,1606.473713,1653.367697,8248407
12-04-2022,1588.153687,1601.871033,1574.755436,1601.871033,6456184
13-04-2022,1593.713379,1601.870799,1578.628861,1599.546561,6257693
18-04-2022,1477.822632,1503.890037,1449.203126,1463.330578,30523965
19-04-2022,1423.682739,1491.722401,1412.745356,1491.722401,17044923
20-04-2022,1447.106934,1454.945481,1424.594197,1435.531581,10678747
21-04-2022,1475.452881,1483.108959,1448.519533,1453.760362,7766514
22-04-2022,1445.056152,1468.07023,1442.276301,1462.282553,8134245
25-04-2022,1422.862305,1433.526319,1416.482165,1433.526319,7000570
26-04-2022,1441.000122,1451.026056,1427.829735,1437.536573,5345435
27-04-2022,1415.297485,1433.480841,1413.064369,1433.480841,8819356
28-04-2022,1442.458618,1459.958499,1419.535662,1430.974387,9245177
29-04-2022,1428.741333,1455.85693,1422.589055,1449.20331,9831395
02-05-2022,1404.542114,1415.251634,1395.427629,1413.565477,7072627
04-05-2022,1399.574707,1430.974062,1394.652863,1410.238609,6220959
05-05-2022,1444.782715,1448.656371,1419.535523,1421.905378,6144870
06-05-2022,1406.228394,1423.545916,1399.119162,1412.745273,6171472
09-05-2022,1431.293335,1446.286732,1387.361555,1403.630891,6832202
10-05-2022,1415.479492,1430.199407,1409.14497,1420.036735,6212545
11-05-2022,1391.553955,1412.699515,1377.745488,1412.699515,7846080
12-05-2022,1375.193604,1392.237647,1371.092085,1379.933091,7034979
13-05-2022,1371.18335,1393.832826,1365.441179,1384.763957,6723761
16-05-2022,1357.238037,1377.973492,1347.713444,1376.287334,6145331
17-05-2022,1383.989014,1389.959046,1349.764187,1362.524467,6516378
18-05-2022,1375.558228,1412.471897,1372.003667,1387.224815,6594126
19-05-2022,1300.773926,1353.227727,1292.115164,1349.855412,16561140
20-05-2022,1326.294556,1336.867338,1318.592748,1324.334919,10488908
23-05-2022,1338.371216,1356.235587,1321.646155,1326.248904,5887569
24-05-2022,1313.397583,1339.419488,1308.156753,1338.553545,5693167
25-05-2022,1285.55249,1314.764459,1275.344312,1307.928595,9630092
26-05-2022,1297.857178,1303.371486,1282.453786,1292.434103,13040065
27-05-2022,1331.945313,1337.095019,1310.116164,1316.086086,8284860
30-05-2022,1391.599731,1394.516322,1353.501136,1355.324034,10904213
31-05-2022,1384.967773,1398.231654,1370.736805,1391.50757,16033857
01-06-2022,1361.894165,1395.237982,1355.952995,1393.626055,8738508
02-06-2022,1389.020508,1394.408927,1359.176809,1366.914081,7205840
03-06-2022,1401.639771,1432.312488,1398.231741,1404.587362,9395707
06-06-2022,1409.330933,1415.364078,1375.204088,1396.389416,6624883
07-06-2022,1387.823242,1399.935746,1384.046749,1399.935746,4904592
08-06-2022,1381.651855,1400.258055,1374.283046,1400.258055,4697608
09-06-2022,1395.468262,1397.264364,1364.611373,1367.835227,4361061
10-06-2022,1360.282227,1376.079021,1357.334635,1368.8484,6516436
13-06-2022,1312.108643,1329.701653,1300.318502,1329.701653,6987685
14-06-2022,1326.892456,1334.583629,1292.443247,1298.752768,6090247
15-06-2022,1309.990234,1332.280953,1306.904567,1326.570058,4651958
16-06-2022,1286.962524,1329.839829,1282.172843,1324.543498,6641772
17-06-2022,1277.84375,1286.732287,1259.283538,1281.29788,9692047
20-06-2022,1302.575317,1310.128302,1272.961891,1280.3768,4595194
21-06-2022,1335.504761,1341.123456,1310.496839,1311.648215,6270787
22-06-2022,1323.852661,1344.43925,1321.780183,1322.747385,6253366
23-06-2022,1337.853394,1342.96555,1319.93802,1326.201553,6254281
24-06-2022,1327.399048,1351.716144,1316.161657,1342.965682,6114340
27-06-2022,1358.255737,1366.914111,1349.551376,1352.222592,4511097
28-06-2022,1363.368042,1370.82894,1338.36012,1353.097741,4412178
29-06-2022,1347.801392,1360.466534,1342.044509,1349.136943,5060038
30-06-2022,1346.557861,1365.071973,1340.202241,1349.459353,9165177
01-07-2022,1362.677124,1367.835268,1328.55028,1339.281131,4651635
04-07-2022,1370.598633,1374.513313,1346.650001,1363.460098,4800224
05-07-2022,1359.49939,1390.816833,1355.861085,1380.546644,7379669
06-07-2022,1373.960815,1381.651989,1354.018949,1365.25634,5209162
07-07-2022,1380.454346,1394.501139,1377.691042,1384.461226,3323472
08-07-2022,1394.96167,1397.264423,1381.605702,1395.468321,3652582
11-07-2022,1356.920288,1381.559746,1350.702855,1377.046327,4702638
12-07-2022,1325.096191,1352.729228,1322.701351,1346.465807,4710356
13-07-2022,1330.484497,1344.807665,1325.096078,1335.596653,5264025
14-07-2022,1316.115234,1338.313748,1302.436906,1336.517645,6157606
15-07-2022,1317.49707,1331.912326,1299.351422,1331.912326,5620018
18-07-2022,1372.348755,1375.756784,1333.800691,1335.596793,5835171
19-07-2022,1367.052368,1369.539296,1354.110851,1355.446516,3418540
20-07-2022,1395.744751,1405.416314,1381.651857,1382.803234,5079392
21-07-2022,1411.956055,1414.304795,1384.507194,1397.310523,5008061
22-07-2022,1387.454712,1418.495776,1374.421108,1412.969169,7020642
25-07-2022,1384.967773,1397.44874,1363.321895,1363.321895,7859626
26-07-2022,1336.656006,1378.56611,1330.991211,1378.56611,7268273
27-07-2022,1354.985962,1356.782064,1330.991231,1336.517838,4517285
28-07-2022,1397.679077,1404.172774,1372.302692,1378.335951,6636841
29-07-2022,1427.430542,1432.957149,1407.44269,1411.864021,7009465
01-08-2022,1428.67395,1440.602165,1416.561448,1440.602165,2983249
02-08-2022,1421.81189,1424.943656,1407.765095,1424.529206,4374635
03-08-2022,1442.536499,1446.128816,1418.403694,1426.785692,6011955
04-08-2022,1473.669922,1477.308227,1450.688378,1462.248244,7402209
05-08-2022,1489.098389,1497.434288,1475.880608,1481.499303,5361971
08-08-2022,1491.631226,1494.026066,1470.077436,1489.42056,3763409
10-08-2022,1476.018677,1493.289325,1462.800896,1493.289325,4423829
11-08-2022,1492.137939,1502.638516,1488.499634,1501.395052,3462090
12-08-2022,1468.327393,1486.657329,1464.689088,1486.012603,3562286
16-08-2022,1470.491943,1482.051808,1465.564075,1482.051808,3004430
17-08-2022,1479.518799,1484.815131,1459.945398,1470.491962,4067324
18-08-2022,1458.057129,1472.103922,1449.813318,1468.32743,4635706
19-08-2022,1471.09082,1478.275455,1460.037605,1460.221893,4739884
22-08-2022,1451.333252,1472.840944,1449.813412,1460.866628,3950555
23-08-2022,1420.706543,1431.851845,1412.048169,1425.864687,5551574
24-08-2022,1416.193237,1424.022598,1410.206079,1413.890484,2888426
25-08-2022,1398.369751,1426.509324,1394.316883,1425.864598,4331088
26-08-2022,1401.501587,1423.055265,1397.724982,1414.028541,3079136
29-08-2022,1346.4198,1352.683334,1335.59686,1352.683334,8079050
30-08-2022,1375.157959,1378.05945,1350.334327,1356.874123,6725875
01-09-2022,1348.676392,1352.268709,1336.564,1344.853911,8140604
02-09-2022,1338.359985,1361.387514,1333.75448,1361.387514,5175653
05-09-2022,1346.005249,1351.255481,1332.234718,1336.517862,3669352
06-09-2022,1340.294434,1354.018865,1331.405784,1346.005329,3428442
07-09-2022,1342.643188,1350.104086,1324.589627,1326.38573,3600574
08-09-2022,1359.453247,1364.242928,1348.123658,1358.624234,4061475
09-09-2022,1392.382568,1400.07374,1363.229695,1370.598504,4816910
12-09-2022,1414.995728,1423.930477,1401.133221,1405.416364,5494819
13-09-2022,1423.055298,1430.470208,1419.693368,1429.457019,4947158
14-09-2022,1358.99292,1380.684789,1355.861153,1378.888686,14332197
15-09-2022,1319.753906,1358.808509,1316.299777,1358.624334,12784100
16-09-2022,1268.402466,1312.569224,1260.388818,1312.569224,20464045
19-09-2022,1280.607056,1295.0683,1271.672306,1282.172883,6595241
20-09-2022,1278.995239,1302.022771,1275.817372,1296.864514,7219797
21-09-2022,1268.58667,1279.225434,1260.434947,1271.027611,7917054
22-09-2022,1260.020386,1274.758005,1252.697676,1258.546646,9168498
23-09-2022,1257.717529,1284.751938,1254.539775,1259.605832,10426200
26-09-2022,1271.349976,1289.035074,1248.092169,1252.697676,9414587
27-09-2022,1283.600708,1295.528924,1269.277538,1283.508508,8561254
28-09-2022,1284.65979,1294.930091,1268.356344,1270.198546,7022098
29-09-2022,1288.298218,1298.614506,1283.093973,1294.0551,6119965
30-09-2022,1301.930542,1307.319074,1267.435344,1279.363561,8120130
03-10-2022,1283.78479,1300.594887,1276.646256,1300.594887,4943169
04-10-2022,1316.62207,1319.247186,1302.437089,1307.687321,6631341
06-10-2022,1340.340332,1344.623475,1330.16212,1330.991133,6180672
07-10-2022,1336.702026,1342.827372,1326.523925,1332.234708,3994466
10-10-2022,1347.248779,1349.413345,1313.812759,1313.812759,5274677
11-10-2022,1311.464111,1362.907598,1308.055969,1347.248875,12824774
12-10-2022,1315.977295,1327.398973,1302.022701,1323.62248,5481467
13-10-2022,1307.87146,1324.497267,1303.358042,1318.09566,4821514
14-10-2022,1357.93335,1376.125097,1351.485642,1367.835187,14990688
17-10-2022,1372.394775,1377.046382,1359.084907,1360.374471,4286396
18-10-2022,1385.059814,1391.737798,1379.118757,1390.862797,4692004
19-10-2022,1368.249756,1386.21123,1364.427276,1385.336228,3553171
20-10-2022,1382.480835,1385.336226,1357.887365,1358.624291,4583939
21-10-2022,1382.112427,1387.178484,1373.684328,1381.928251,3594485
24-10-2022,1398.093506,1401.731923,1391.783985,1398.692244,982837
25-10-2022,1405.876709,1411.955954,1401.040928,1407.534624,3914341
27-10-2022,1419.052734,1429.249087,1408.390911,1425.431323,6760137
28-10-2022,1409.089355,1422.777474,1403.269558,1420.961742,3053981
31-10-2022,1431.809814,1439.957531,1424.919152,1424.919152,4542336
01-11-2022,1464.726685,1466.58902,1440.60942,1446.149936,4542692
02-11-2022,1446.382568,1464.493731,1438.653832,1463.795356,2938906
03-11-2022,1425.384766,1437.629642,1416.911163,1432.834106,3174027
04-11-2022,1409.787598,1415.793583,1397.822118,1415.793583,4509682
07-11-2022,1403.688354,1422.730797,1388.463789,1416.678209,4898592
09-11-2022,1407.180298,1423.755125,1397.775529,1423.755125,3334755
10-11-2022,1398.567139,1407.925419,1382.783893,1382.783893,3435763
11-11-2022,1462.026123,1465.192115,1440.19029,1440.19029,7214098
14-11-2022,1476.179932,1481.860031,1460.489668,1466.728558,4908813
15-11-2022,1484.281128,1487.8661,1464.493817,1469.242749,3497614
16-11-2022,1492.475464,1498.248657,1483.81556,1487.214344,4497697
17-11-2022,1478.135376,1492.475379,1473.991612,1487.26075,3469515
18-11-2022,1483.722412,1488.00576,1467.05449,1482.139359,3126064
21-11-2022,1460.256836,1478.5543,1456.392582,1473.200087,3071764
22-11-2022,1475.947144,1478.694042,1454.483686,1461.001859,3399329
23-11-2022,1474.178101,1482.418912,1470.593128,1479.532315,3245067
24-11-2022,1517.616943,1523.390137,1475.667799,1479.625261,5282215
25-11-2022,1523.064209,1530.839435,1502.718221,1519.106747,4563255
28-11-2022,1511.657593,1539.685716,1508.4916,1515.940941,3825766
29-11-2022,1516.918457,1525.950736,1503.882112,1509.608701,3131710
30-11-2022,1522.412354,1532.469009,1502.112969,1508.44484,11868134
01-12-2022,1543.037598,1557.470693,1538.568062,1542.199524,5407928
02-12-2022,1525.159302,1547.414228,1521.481122,1542.013411,4283343
05-12-2022,1526.881958,1531.63089,1511.564298,1525.252415,3824966
06-12-2022,1501.880127,1514.078399,1496.898403,1513.147231,4822398
07-12-2022,1494.989502,1512.029914,1486.795182,1497.317421,4898087
08-12-2022,1508.631226,1512.123104,1488.471424,1494.989597,4206837
09-12-2022,1461.28125,1515.940739,1453.645608,1515.940739,8880658
12-12-2022,1440.702393,1458.161784,1424.73296,1443.309707,8037679
13-12-2022,1463.935059,1468.916782,1435.068865,1440.70236,6135067
14-12-2022,1470.686035,1479.159637,1464.72654,1473.107048,4976020
15-12-2022,1434.463623,1461.933066,1429.574993,1461.281294,6443866
16-12-2022,1417.423218,1442.844138,1407.971958,1420.030532,9630453
19-12-2022,1403.595215,1412.487909,1392.141924,1404.153893,6222740
20-12-2022,1403.54895,1411.650063,1380.409345,1397.682549,7396259
21-12-2022,1405.643921,1416.305743,1398.939447,1410.718738,6236361
22-12-2022,1417.283691,1424.639825,1407.69262,1416.771504,6302640
23-12-2022,1394.051025,1405.970016,1390.233261,1404.852547,6283822
26-12-2022,1398.986084,1405.96984,1393.352475,1397.216843,4115459
27-12-2022,1410.579102,1416.724784,1394.423368,1406.016358,4860076
28-12-2022,1406.202637,1419.983848,1395.354513,1401.500195,5029860
29-12-2022,1413.093384,1416.585262,1397.682515,1400.476018,4624745
30-12-2022,1404.386963,1425.058952,1400.522708,1422.824127,5060544
02-01-2023,1419.099365,1421.427284,1400.522618,1409.78769,3801140
03-01-2023,1417.749146,1427.153915,1410.811879,1415.234925,4551130
04-01-2023,1391.909424,1416.30597,1388.464035,1416.30597,7059590
05-01-2023,1373.658203,1402.245113,1368.117802,1402.245113,9868404
06-01-2023,1348.796265,1373.472206,1346.933929,1368.816368,6443714
09-01-2023,1382.271606,1386.83435,1348.516783,1348.516783,11498717
10-01-2023,1368.583374,1381.759416,1353.96409,1379.990175,7158624
11-01-2023,1369.980225,1391.164286,1363.22926,1368.816265,6173092
12-01-2023,1378.686646,1382.783805,1354.848779,1379.943699,6591385
13-01-2023,1400.150024,1414.815912,1366.953881,1381.386977,11610426
16-01-2023,1420.496094,1422.824013,1398.893052,1406.062997,6073063
17-01-2023,1433.532471,1436.046578,1419.099373,1421.892876,5922644
18-01-2023,1439.026367,1445.032352,1433.62555,1438.421086,5843098
19-01-2023,1432.973755,1442.890712,1421.101369,1433.904922,6165284
20-01-2023,1420.542847,1438.654012,1419.099491,1432.135838,6496429
23-01-2023,1441.447388,1446.382621,1422.91713,1429.342209,4855020
24-01-2023,1445.078979,1460.815734,1443.076946,1452.621414,5200802
25-01-2023,1436.791504,1448.896682,1432.834042,1440.516174,4158617
27-01-2023,1414.583252,1444.194313,1403.642033,1439.585079,6209955
30-01-2023,1432.880615,1437.722641,1415.374621,1423.56894,6964719
31-01-2023,1428.178101,1442.28531,1408.856376,1442.28531,9448126
01-02-2023,1444.333862,1448.012042,1422.87052,1436.046449,6194199
02-02-2023,1474.736694,1477.716385,1445.172123,1445.172123,6916834
03-02-2023,1489.309326,1494.197956,1464.726481,1487.540085,7040194
06-02-2023,1461.793335,1488.005724,1454.111203,1488.005724,4570612
07-02-2023,1454.856201,1467.566661,1448.058633,1461.001884,4336238
08-02-2023,1481.021851,1492.661444,1457.742664,1457.742664,7983338
09-02-2023,1505.697876,1508.258587,1476.878287,1486.329546,6904911
10-02-2023,1497.82959,1505.046138,1486.562372,1501.926636,4786762
13-02-2023,1459.558716,1487.074766,1458.208568,1487.074766,4001199
14-02-2023,1483.582642,1486.143352,1469.522035,1475.621114,5043736
15-02-2023,1487.121216,1488.936947,1467.520093,1474.969434,3465747
16-02-2023,1491.544067,1503.323245,1487.865888,1489.867921,4290289
17-02-2023,1474.783081,1485.212111,1467.054346,1484.280944,2857734
20-02-2023,1482.837646,1492.661509,1473.572575,1475.85389,2417716
21-02-2023,1470.779053,1491.404435,1467.519967,1488.657423,2723288
22-02-2023,1454.297363,1466.588728,1448.244775,1455.414719,3656244
23-02-2023,1443.961304,1461.793183,1441.586895,1461.793183,4766854
24-02-2023,1443.915039,1461.001942,1438.653919,1452.621433,2790986
27-02-2023,1405.411255,1433.998054,1398.613686,1433.998054,4920268
28-02-2023,1385.158203,1419.099212,1379.338406,1411.277382,9679811
01-03-2023,1393.073242,1397.542778,1379.524709,1389.674458,5125043
02-03-2023,1370.818359,1386.13602,1366.302219,1382.78384,4644499
03-03-2023,1377.476196,1387.253456,1371.609795,1384.413349,4615015
06-03-2023,1403.688354,1415.747041,1390.372728,1391.676385,6561742
08-03-2023,1389.953735,1393.026634,1379.152215,1387.951816,4137080
09-03-2023,1378.50061,1395.215024,1373.099793,1392.095635,5104656
10-03-2023,1370.259644,1372.820354,1357.316392,1359.504613,3699580
13-03-2023,1336.318481,1376.544986,1329.707215,1363.415433,8798403
14-03-2023,1322.257935,1348.656512,1313.877427,1341.812453,7402784
15-03-2023,1321.932007,1343.535048,1319.324692,1339.018908,7556182
16-03-2023,1307.452271,1320.209334,1302.423943,1320.209334,7323117
17-03-2023,1322.909668,1343.581655,1314.249878,1331.569571,9090018
20-03-2023,1307.033325,1321.978496,1289.52733,1321.978496,8221829
21-03-2023,1294.974609,1308.29035,1294.322838,1302.703345,8536755
22-03-2023,1293.624634,1310.385651,1287.013366,1306.428189,8356487
23-03-2023,1279.936401,1288.689285,1275.699544,1288.689285,7607718
24-03-2023,1285.616577,1302.656876,1282.683376,1292.460636,7559127
27-03-2023,1293.344971,1299.676955,1279.517157,1290.830864,4170193
28-03-2023,1282.776245,1301.772084,1281.146702,1296.278173,6633366
29-03-2023,1288.316895,1294.229786,1270.624711,1284.080037,8813966
31-03-2023,1329.660645,1331.52298,1297.954458,1307.359227,8711975
03-04-2023,1313.737671,1336.225389,1308.430062,1336.225389,5242764
05-04-2023,1325.563599,1329.241665,1303.634558,1303.634558,7506334
06-04-2023,1324.0271,1330.079688,1313.272069,1318.533189,6948465
10-04-2023,1329.334839,1335.294334,1317.60215,1325.936054,4993788
11-04-2023,1309.361206,1334.688917,1293.391661,1330.545267,6942255
12-04-2023,1329.986572,1332.966263,1303.634487,1315.786268,5831169
13-04-2023,1293.577881,1313.923982,1287.804688,1312.713419,11267238
17-04-2023,1171.688232,1174.342037,1103.712998,1164.238892,53171705
18-04-2023,1172.665894,1182.536247,1166.846096,1182.536247,12430884
19-04-2023,1147.384521,1168.009904,1144.777321,1168.009904,11307230
20-04-2023,1139.190552,1152.645879,1137.328216,1145.988008,8621249
21-04-2023,1142.86853,1148.362442,1136.024471,1143.566906,8691352
24-04-2023,1141.890869,1145.336144,1134.162133,1143.473809,8313774
25-04-2023,1140.58728,1150.457635,1131.368698,1141.564938,6808576
26-04-2023,1143.054688,1148.129505,1136.536515,1143.473667,5680192
27-04-2023,1160.467407,1161.910762,1141.052589,1145.335937,8020704
28-04-2023,1166.520142,1172.339939,1159.256989,1169.26704,10118277
02-05-2023,1189.519775,1191.661506,1168.196132,1168.196132,8886401
03-05-2023,1181.791382,1184.910771,1175.226605,1178.858181,5549783
04-05-2023,1185.88855,1187.983677,1175.599102,1181.605088,4505401
05-05-2023,1172.433105,1190.963363,1167.916965,1190.963363,5373791
08-05-2023,1178.485596,1182.862151,1168.801431,1175.552395,5260842
09-05-2023,1183.234619,1184.445182,1173.922943,1178.858177,4969897
10-05-2023,1176.297363,1188.542239,1172.479599,1188.542239,6515734
11-05-2023,1169.639526,1188.076689,1166.799534,1182.81557,6888461
12-05-2023,1159.489624,1169.546278,1153.763035,1167.078661,8292212
15-05-2023,1171.734619,1181.558482,1159.908837,1163.866299,5534710
16-05-2023,1177.275146,1186.260822,1175.831791,1177.926918,5236469
17-05-2023,1161.072754,1174.155589,1156.92899,1173.829703,10465667
18-05-2023,1160.234741,1172.945201,1156.929051,1171.967429,6948732
19-05-2023,1181.558472,1185.655631,1166.566698,1169.592992,11094136
22-05-2023,1203.813477,1206.420678,1182.815602,1185.329709,7625947
23-05-2023,1210.564331,1223.69377,1207.770829,1209.772748,7436031
24-05-2023,1209.260742,1215.173633,1202.416684,1207.072521,4824077
25-05-2023,1214.568359,1217.035976,1200.507752,1205.396382,4334121
26-05-2023,1226.766602,1232.353607,1216.104779,1216.104779,5521606
29-05-2023,1223.926758,1240.967057,1219.6899,1240.967057,4419365
30-05-2023,1232.726196,1235.100719,1219.038078,1224.485386,6274719
31-05-2023,1227.558228,1239.477104,1223.693859,1229.001469,17800782
01-06-2023,1228.675659,1237.987335,1227.372002,1231.515766,4277841
02-06-2023,1225.844604,1238.961825,1223.060785,1235.281437,10909311
05-06-2023,1231.034912,1235.706099,1224.240438,1230.56307,5002553
06-06-2023,1206.970947,1216.030284,1201.308847,1216.030284,10008100
07-06-2023,1216.360474,1221.12612,1210.273763,1217.823229,5397578
08-06-2023,1210.556885,1219.238724,1208.952554,1213.765316,5034942
09-06-2023,1194.655884,1210.273889,1192.815747,1210.273889,5339073
12-06-2023,1219.191528,1222.730341,1201.308777,1201.780618,4785588
13-06-2023,1231.365112,1232.922213,1224.004452,1226.693926,4846587
14-06-2023,1227.165894,1233.11103,1220.371304,1232.780764,3457981
15-06-2023,1214.331665,1221.078908,1210.415356,1221.078908,6161155
16-06-2023,1218.908447,1228.203704,1208.905428,1214.520297,8536287
19-06-2023,1221.126099,1226.316356,1214.567546,1221.126099,4451787
20-06-2023,1229.996826,1231.506696,1218.389476,1221.12618,4009180
21-06-2023,1226.174805,1230.374264,1222.069806,1226.740992,4041529
22-06-2023,1209.377319,1216.78521,1201.780623,1216.78521,6676607
23-06-2023,1193.759277,1207.301109,1192.202177,1204.564404,7239467
26-06-2023,1198.807983,1202.25245,1191.164172,1198.713638,3403244
27-06-2023,1207.112549,1209.802023,1202.441247,1207.914657,3240024
28-06-2023,1220.512695,1223.674011,1209.235727,1217.351379,5662358
30-06-2023,1260.28894,1263.497486,1230.98753,1234.526342,12821692
03-07-2023,1258.590332,1270.197682,1253.635995,1255.09875,7732412
04-07-2023,1269.395508,1270.197616,1256.419864,1268.5934,5797775
05-07-2023,1271.424561,1281.474696,1265.47931,1281.38035,5414936
06-07-2023,1268.215942,1271.565949,1261.84608,1266.941993,5963897
07-07-2023,1255.287354,1270.008904,1250.710513,1258.873396,6295647
10-07-2023,1254.296631,1266.328592,1245.001374,1261.27991,3940315
11-07-2023,1272.651245,1274.821763,1252.267709,1258.35442,6126128
12-07-2023,1258.212891,1275.765376,1252.26764,1274.916038,8102770
13-07-2023,1288.222168,1299.263333,1255.901012,1259.722976,9977644
14-07-2023,1345.64502,1349.466983,1302.896239,1302.896239,12833381
17-07-2023,1342.814087,1376.786685,1334.651319,1345.645137,11569884
18-07-2023,1392.121582,1394.716711,1348.523459,1353.241875,16743977
19-07-2023,1391.88562,1414.392559,1378.438133,1402.313367,13687062
20-07-2023,1367.868774,1388.157963,1359.564316,1388.157963,8347221
21-07-2023,1256.608521,1273.972314,1231.506571,1245.850509,45548305
24-07-2023,1261.327148,1273.878183,1259.109516,1265.479378,8859789
25-07-2023,1259.439575,1267.224962,1249.672477,1261.704438,6801982
26-07-2023,1272.887207,1273.972466,1263.969446,1267.366683,5528885
27-07-2023,1276.945068,1286.995318,1271.188623,1282.088096,9191861
28-07-2023,1265.007446,1287.042428,1260.760871,1277.605595,6122735
31-07-2023,1279.35144,1281.050116,1258.165796,1272.792887,7902180
01-08-2023,1288.316284,1291.902326,1280.578128,1285.296544,6064652
02-08-2023,1280.436523,1294.686117,1272.509562,1292.185448,7419145
03-08-2023,1287.467041,1289.590328,1273.028642,1273.972325,6503741
04-08-2023,1300.725708,1307.850562,1285.296511,1291.807948,5712345
07-08-2023,1314.550781,1316.438148,1299.451849,1309.73802,3729093
08-08-2023,1311.908447,1315.069878,1306.435153,1314.409231,4161877
09-08-2023,1315.871948,1317.381818,1304.642095,1306.057619,4090828
10-08-2023,1310.870361,1317.193108,1307.56747,1313.229569,3873025
11-08-2023,1294.591919,1318.184002,1290.062308,1313.607161,5783517
14-08-2023,1315.069824,1316.438119,1288.693809,1294.591829,4304135
16-08-2023,1338.614624,1339.982919,1326.252397,1331.348309,7735313
17-08-2023,1332.056152,1340.03023,1326.818664,1340.03023,5618346
18-08-2023,1310.587402,1329.366608,1308.086619,1324.648191,5134103
21-08-2023,1326.252441,1327.762312,1309.030222,1311.483776,3032722
22-08-2023,1324.695313,1326.86583,1317.995185,1325.591765,2890714
23-08-2023,1328.658936,1336.82182,1326.488533,1336.255633,2559125
24-08-2023,1343.427368,1344.795778,1334.792644,1341.445657,5171963
25-08-2023,1340.124634,1342.389497,1331.914635,1333.424505,4307172
28-08-2023,1335.925293,1344.560018,1331.914639,1340.124638,3133464
29-08-2023,1337.812622,1344.182484,1335.594989,1343.804988,3074444
30-08-2023,1354.327026,1355.742551,1343.804935,1346.635985,3070887
31-08-2023,1354.609985,1363.527861,1348.193009,1354.32695,9792735
01-09-2023,1362.537109,1364.566052,1347.768443,1350.363572,3582133
04-09-2023,1382.59021,1387.214281,1353.902218,1361.734835,4609014
05-09-2023,1395.613281,1396.69854,1374.474752,1382.49606,5496840
06-09-2023,1394.244751,1399.387894,1380.891725,1398.44421,5075786
07-09-2023,1383.628418,1390.423007,1379.712224,1387.780648,4411743
08-09-2023,1386.836914,1391.696906,1377.966268,1381.080469,3125838
11-09-2023,1393.301147,1394.811133,1382.024178,1386.83694,4182226
12-09-2023,1416.562866,1419.299571,1393.914469,1399.010381,6793161
13-09-2023,1413.967773,1420.24329,1404.814092,1420.24329,4804686
14-09-2023,1422.083374,1427.368092,1414.722714,1420.243238,6444213
15-09-2023,1426.471558,1432.88865,1424.018004,1432.511153,8657816
18-09-2023,1407.786621,1420.148848,1404.200579,1420.148848,3991916
20-09-2023,1406.323975,1410.900815,1393.065179,1393.065179,4169337
21-09-2023,1417.17627,1419.818629,1392.876427,1402.832331,6779195
22-09-2023,1411.891846,1422.083557,1401.558444,1407.881192,5455613
25-09-2023,1391.130737,1405.946519,1388.677184,1405.946519,4217863
26-09-2023,1378.390991,1396.556894,1376.833891,1395.849132,3996528
27-09-2023,1384.383301,1386.836854,1368.387916,1374.002785,3863586
28-09-2023,1358.384888,1389.668012,1354.185543,1385.232747,5814602
29-09-2023,1354.609985,1365.320882,1336.255393,1351.44867,6068968
03-10-2023,1353.241821,1356.072871,1340.313406,1355.176418,4181867
04-10-2023,1363.008911,1368.293514,1338.331571,1344.748663,4510406
05-10-2023,1381.033203,1392.546208,1368.5294,1370.228076,7384621
06-10-2023,1395.424316,1400.897725,1380.891687,1386.742477,3598672
09-10-2023,1392.357422,1407.031743,1379.853619,1382.401633,3567552
10-10-2023,1410.947998,1412.693789,1386.365004,1400.331562,5688951
11-10-2023,1410.240356,1432.74718,1398.019589,1412.69391,7220129
12-10-2023,1382.967773,1419.677074,1370.22805,1407.881034,11081662
13-10-2023,1350.552368,1357.016576,1321.156611,1325.875027,17973439
16-10-2023,1353.383301,1362.301061,1349.466992,1351.448704,4850745
17-10-2023,1361.215942,1371.502113,1357.063828,1359.139885,3923764
18-10-2023,1359.422974,1372.115467,1357.346801,1360.791268,4264837
19-10-2023,1352.911621,1358.573721,1345.786766,1345.786766,6795691
20-10-2023,1346.871948,1357.488385,1344.984582,1349.467077,3928622
23-10-2023,1329.319458,1351.684705,1326.110912,1345.314843,2636516
25-10-2023,1309.62793,1340.694611,1301.263823,1337.301126,6940777
26-10-2023,1299.495361,1313.403723,1293.425433,1295.289504,6357656
27-10-2023,1319.473511,1323.918459,1303.510064,1303.510064,4634358
30-10-2023,1316.319214,1319.473607,1302.984369,1319.473607,2667696
31-10-2023,1308.050659,1320.238357,1302.888787,1319.091209,3451595
01-11-2023,1294.429077,1316.701427,1292.039333,1312.49557,3090672
02-11-2023,1309.723511,1315.602306,1301.598379,1309.580103,3758060
03-11-2023,1327.789917,1330.609769,1316.988225,1319.186837,3349045
06-11-2023,1341.411621,1345.187371,1329.462897,1332.426157,2736381
07-11-2023,1342.367432,1343.896845,1333.334127,1338.257024,2272209
08-11-2023,1329.654053,1343.036624,1325.30467,1343.036624,3550635
09-11-2023,1314.168457,1335.867292,1309.627942,1334.337879,5498051
10-11-2023,1308.480713,1312.59112,1300.976938,1309.532177,2943649
13-11-2023,1312.973633,1321.481031,1310.392638,1318.99572,3462092
15-11-2023,1348.293945,1351.639588,1331.565733,1337.30112,8551860
16-11-2023,1381.17688,1389.302012,1348.389536,1353.646974,6673907
17-11-2023,1374.151001,1387.00778,1371.761256,1377.496643,4901251
20-11-2023,1373.24292,1387.963771,1370.423068,1378.404792,3584210
21-11-2023,1375.536987,1386.051864,1373.386217,1378.404681,3793135
22-11-2023,1393.508057,1394.607246,1372.860568,1372.860568,3108786
23-11-2023,1385.334961,1403.162479,1383.853273,1403.162479,3186928
24-11-2023,1374.00769,1388.585134,1370.614206,1381.798282,2973195
28-11-2023,1379.073853,1381.272464,1364.114144,1380.316566,3755373
29-11-2023,1395.228516,1396.27998,1385.860786,1387.103384,3875778
30-11-2023,1390.974854,1396.232292,1385.621849,1389.158624,10120867
01-12-2023,1388.250488,1395.515289,1382.371693,1395.515289,3489187
04-12-2023,1399.769043,1406.986119,1385.38285,1396.041018,5511948
05-12-2023,1389.827759,1402.206707,1378.404825,1401.155243,5123039
06-12-2023,1409.280396,1411.861273,1387.055768,1392.50434,5269178
07-12-2023,1401.250732,1407.894176,1397.331574,1407.894176,4424453
08-12-2023,1425.387207,1428.780575,1401.585325,1405.552325,6323433
11-12-2023,1422.854004,1431.935034,1416.640668,1424.287851,3862018
12-12-2023,1410.953125,1424.287854,1402.923559,1412.33913,6103494
13-12-2023,1385.096069,1410.953154,1369.945111,1410.905313,8549258
14-12-2023,1435.23291,1444.361782,1396.901426,1398.861064,12489858
15-12-2023,1508.789307,1518.491694,1453.920742,1455.88038,18395389
18-12-2023,1495.358765,1522.745261,1491.487448,1498.799974,6467243
19-12-2023,1489.575806,1504.535515,1475.189495,1500.855331,4221721
20-12-2023,1468.641479,1513.664245,1462.52371,1496.027976,6592367
21-12-2023,1468.259277,1478.439614,1454.159782,1454.159782,5319038
22-12-2023,1493.972778,1496.936038,1455.832431,1467.255363,6741060
26-12-2023,1475.858521,1479.729954,1455.832506,1467.303281,6878067
27-12-2023,1497.987549,1500.759676,1475.906331,1475.906331,4225849
28-12-2023,1493.733765,1499.755851,1486.421123,1499.755851,5702253
29-12-2023,1474.854858,1490.674898,1472.082731,1473.086471,4388990
01-01-2024,1482.932251,1488.333098,1467.542317,1471.126935,2808451
02-01-2024,1466.729614,1480.829107,1455.832356,1477.818005,5396313
03-01-2024,1424.287842,1452.916937,1422.376046,1452.916937,7550363
04-01-2024,1445.986694,1452.725821,1427.059986,1438.578486,7056038
05-01-2024,1464.961304,1471.79588,1439.821143,1440.299092,8895403
08-01-2024,1455.641357,1468.259163,1446.512486,1461.520036,4440136
09-01-2024,1461.854614,1484.509346,1458.556697,1473.898904,4412074
10-01-2024,1452.869141,1467.733282,1438.62624,1457.696355,4096845
11-01-2024,1428.302612,1457.744315,1421.037812,1457.648748,11296088
12-01-2024,1541.62439,1546.642854,1486.803667,1493.11257,26754401
15-01-2024,1579.238892,1591.522156,1563.848959,1572.404198,13228305
16-01-2024,1559.595215,1575.797637,1553.334037,1572.260862,6500917
17-01-2024,1567.863647,1574.841749,1548.793532,1548.793532,9209876
18-01-2024,1570.157837,1576.275607,1556.440726,1570.205678,6375464
19-01-2024,1586.025635,1592.047838,1571.639442,1578.760835,4522736
23-01-2024,1569.727783,1600.84219,1565.473967,1577.327125,9401255
24-01-2024,1601.511353,1605.90846,1572.452033,1586.694935,8999681
25-01-2024,1595.489136,1606.434237,1584.878693,1599.169319,8865304
29-01-2024,1583.540527,1605.287206,1574.937446,1591.713502,4253785
30-01-2024,1578.617432,1615.46734,1575.558605,1589.132308,4995943
31-01-2024,1587.650879,1593.720807,1565.85636,1575.558747,6763779
01-02-2024,1583.970703,1603.04082,1577.566117,1586.360448,5760011
02-02-2024,1618.669678,1642.710533,1591.569996,1592.573735,7858483
05-02-2024,1612.790894,1625.743357,1607.676863,1620.007969,3634135
06-02-2024,1653.17749,1656.570974,1600.12516,1612.360699,7694265
07-02-2024,1619.052002,1652.747402,1612.456283,1652.747402,4613877
08-02-2024,1617.474854,1631.096399,1608.585073,1623.114675,5919715
09-02-2024,1595.728149,1618.239592,1586.599394,1610.401159,4600004
12-02-2024,1606.004028,1618.287293,1596.684024,1596.684024,3555808
13-02-2024,1610.257813,1614.607078,1590.136116,1608.776124,2696481
14-02-2024,1592.717041,1595.823709,1563.371022,1586.981654,3768579
15-02-2024,1602.419434,1613.316693,1588.319939,1603.040791,4834391
16-02-2024,1626.603638,1633.629464,1613.507767,1614.511506,4880654
19-02-2024,1624.787354,1636.019153,1613.268738,1629.805817,3690993
20-02-2024,1610.92688,1619.529961,1595.154565,1610.687905,3706389
21-02-2024,1582.536743,1600.173012,1572.73879,1600.173012,4300508
22-02-2024,1607.198975,1610.305643,1571.878592,1591.570067,5841277
23-02-2024,1602.897339,1623.54471,1598.165691,1622.158705,5373072
26-02-2024,1586.933838,1601.081056,1572.451962,1601.081056,2782438
27-02-2024,1590.231689,1597.400924,1579.908062,1587.746378,5159088
28-02-2024,1597.544312,1613.364468,1588.750098,1596.349439,3188916
29-02-2024,1600.077393,1608.059116,1580.385921,1591.569879,7814722
01-03-2024,1581.724243,1598.213482,1578.187468,1595.39363,6387291
04-03-2024,1564.995972,1591.044189,1561.602604,1584.735286,4445156
05-03-2024,1535.649902,1565.139328,1531.348362,1561.937093,4596579
06-03-2024,1546.212646,1548.697958,1506.495043,1532.113153,6420684
07-03-2024,1545.161011,1556.631785,1533.451262,1545.304419,6348359
11-03-2024,1530.010132,1542.628054,1517.965842,1537.227208,6752895
12-03-2024,1541.81543,1553.334046,1527.190262,1529.436599,4614222
13-03-2024,1540.33374,1552.855978,1528.050477,1541.767587,5688997
14-03-2024,1580.386108,1584.639808,1537.083885,1543.201655,8803799
15-03-2024,1561.937134,1573.216775,1546.977309,1568.723985,11809997
18-03-2024,1531.969727,1560.646662,1528.337268,1558.11351,4958904
19-03-2024,1492.58667,1528.480681,1489.288869,1522.123937,6870411
20-03-2024,1486.373413,1505.491371,1483.888102,1494.068438,4759059
21-03-2024,1486.134399,1507.403127,1475.332823,1495.024296,11062497
22-03-2024,1442.306396,1461.472194,1432.126061,1453.920578,14673890
26-03-2024,1426.821045,1440.968264,1422.28053,1426.199688,8351081
27-03-2024,1418.409058,1432.890934,1416.210562,1430.02324,6857402
28-03-2024,1431.98291,1445.126506,1421.5636,1421.5636,12499530
01-04-2024,1429.497559,1462.476038,1426.964522,1457.74439,6580002
02-04-2024,1417.453125,1427.29892,1415.541329,1419.364921,7279400
03-04-2024,1415.350342,1429.163021,1409.949495,1413.773087,8736248
04-04-2024,1421.133301,1429.688657,1403.258057,1424.813601,11186915
05-04-2024,1413.868652,1421.133454,1410.953234,1414.776825,5072482
08-04-2024,1411.574463,1425.196009,1409.089152,1417.596667,6610887
09-04-2024,1428.92395,1447.038285,1421.706991,1424.287869,9423230
10-04-2024,1440.346924,1443.262342,1419.078197,1434.181313,6744595
12-04-2024,1419.269409,1440.347005,1414.250945,1437.670444,12275616
15-04-2024,1403.401489,1426.151789,1396.614638,1414.728856,8531224
16-04-2024,1352.069702,1390.974816,1350.731538,1387.007816,16173541
18-04-2024,1356.658203,1380.98576,1345.426402,1358.426591,22107945
19-04-2024,1349.010864,1363.922848,1317.944184,1323.918545,20603621
22-04-2024,1369.562744,1373.481902,1350.731602,1357.279479,5859087
23-04-2024,1378.787109,1383.040808,1369.801646,1379.360625,4856174
24-04-2024,1367.651001,1380.603465,1364.114225,1380.603465,4268213
25-04-2024,1375.011108,1381.176719,1357.374841,1357.374841,9089398
26-04-2024,1367.172852,1381.654727,1364.066184,1376.206039,8062444
29-04-2024,1371.474487,1376.301818,1365.261151,1366.886131,5055957
30-04-2024,1357.900757,1373.195123,1355.033063,1371.426618,6936588
02-05-2024,1352.069702,1361.198574,1349.584391,1350.683697,10076354
03-05-2024,1353.838257,1361.963389,1341.315901,1359.382395,8842345
06-05-2024,1363.014893,1381.941602,1354.602944,1357.375071,6445422
07-05-2024,1377.401001,1379.695179,1353.169013,1362.106635,6080661
08-05-2024,1364.353149,1376.254032,1362.728053,1371.952491,6234983
09-05-2024,1376.062744,1386.003988,1362.010976,1364.59197,6088406
10-05-2024,1362.058838,1372.621439,1350.68363,1371.761224,8777481
13-05-2024,1360.672852,1362.15454,1348.963102,1362.15454,3735954
14-05-2024,1361.867676,1370.518598,1355.511048,1363.492772,3463230
15-05-2024,1357.327148,1368.654632,1355.988985,1363.110377,4327544
16-05-2024,1389.25415,1391.548329,1364.066265,1370.709708,9249145
17-05-2024,1380.603271,1392.743127,1375.775941,1392.743127,7542860
21-05-2024,1370.901001,1380.985654,1365.404588,1366.934001,6752663
22-05-2024,1390.640381,1395.563162,1365.022269,1365.739193,7173285
23-05-2024,1407.463989,1412.960402,1386.051855,1390.544528,8641428
24-05-2024,1400.485962,1410.427323,1395.610906,1403.497064,5277938
27-05-2024,1406.460327,1414.346485,1395.849884,1406.938276,5821844
28-05-2024,1402.350098,1410.905337,1395.897787,1410.427388,6186922
29-05-2024,1386.960083,1400.868445,1386.052027,1400.772878,7401634
30-05-2024,1364.49646,1385.908597,1358.856755,1379.169587,9663150
31-05-2024,1371.760376,1400.864799,1365.032691,1374.587967,37113815
03-06-2024,1370.7854,1404.033674,1368.932832,1404.033674,10589244
04-06-2024,1358.841309,1379.658033,1324.422937,1373.807893,13736134
05-06-2024,1394.380859,1402.083568,1365.178958,1365.178958,9233424
06-06-2024,1435.478271,1437.477117,1401.596207,1408.860084,12660930
07-06-2024,1495.295776,1501.243395,1440.353235,1444.009572,24075302
10-06-2024,1462.291382,1491.590883,1459.902622,1487.203278,6810606
11-06-2024,1458.391113,1468.823815,1456.636024,1462.583761,4853054
12-06-2024,1448.104736,1471.066585,1445.715977,1469.360295,9564320
13-06-2024,1456.636108,1467.410164,1452.151025,1457.659931,7307565
14-06-2024,1451.71228,1466.142554,1448.933488,1466.142554,4237727
18-06-2024,1460.779907,1469.36016,1458.049913,1459.609927,5420939
19-06-2024,1473.601563,1477.794211,1459.317446,1467.410188,5493456
20-06-2024,1477.550415,1479.59794,1461.657487,1478.42796,7927010
21-06-2024,1494.418335,1518.842719,1485.643124,1506.411171,17301941
24-06-2024,1489.006958,1490.908206,1477.550433,1486.471921,5564989
25-06-2024,1503.437256,1505.338623,1482.376775,1487.885681,4551525
26-06-2024,1502.218384,1510.164848,1496.660798,1502.510938,4851004
27-06-2024,1534.052979,1538.976894,1493.784585,1500.024639,14757754
28-06-2024,1527.617798,1548.824555,1525.18024,1533.272981,8197544
01-07-2024,1551.067261,1559.93995,1520.548981,1520.548981,6801771
02-07-2024,1580.561646,1592.993193,1546.874541,1556.33222,10493173
03-07-2024,1586.753052,1595.138229,1565.887528,1584.412972,7269965
04-07-2024,1609.422363,1618.538808,1587.33806,1587.533017,8008311
05-07-2024,1606.302246,1624.2427,1592.55444,1610.20234,7065022
08-07-2024,1620.147583,1624.388911,1599.038304,1602.060852,5880533
09-07-2024,1615.76001,1625.12021,1609.763592,1618.441324,5191182
10-07-2024,1607.082275,1632.189127,1596.649573,1615.61373,9852770
11-07-2024,1611.421021,1623.413855,1601.037117,1614.638645,8857679
12-07-2024,1668.996216,1676.796403,1625.022687,1638.039225,17078316
15-07-2024,1664.413696,1684.840388,1660.12357,1683.085299,6942230
16-07-2024,1682.939209,1694.493213,1657.539801,1675.675213,6886281
18-07-2024,1714.139893,1721.306291,1676.065182,1676.065182,11248896
19-07-2024,1748.168091,1797.943081,1741.830439,1797.943081,29819116
22-07-2024,1765.620972,1777.467529,1748.16803,1755.18827,8462126
23-07-2024,1791.020386,1793.994135,1738.71036,1764.792234,7113056
24-07-2024,1788.144165,1796.334386,1774.152603,1791.605546,6002845
25-07-2024,1779.271362,1785.170301,1766.742336,1774.542523,5815599
26-07-2024,1831.971436,1835.969008,1779.758886,1779.758886,11369047
29-07-2024,1824.366211,1855.46948,1817.443569,1846.304237,4635931
30-07-2024,1830.265137,1832.995131,1813.543462,1824.366198,2721265
31-07-2024,1821.587402,1838.065321,1818.467375,1830.118857,5004209
01-08-2024,1806.328247,1821.246152,1799.015572,1809.740829,7475014
02-08-2024,1775.712524,1813.055967,1770.788728,1796.968082,7400938
05-08-2024,1708.143555,1752.604599,1675.626547,1740.368007,10736703
06-08-2024,1707.363403,1752.068201,1701.269507,1716.236092,7690163
07-08-2024,1746.900757,1752.994653,1718.088767,1751.142085,5094329
08-08-2024,1699.611938,1735.492726,1683.962766,1735.492726,6227910
09-08-2024,1726.522583,1736.272816,1712.140989,1727.010095,4258524
12-08-2024,1752.50708,1758.454699,1723.938847,1728.765284,4315329
13-08-2024,1752.555664,1764.792255,1744.365563,1764.792255,4176918
14-08-2024,1777.711426,1779.417717,1752.555774,1756.992178,7450718
16-08-2024,1812.519653,1815.347245,1783.805263,1803.793242,7335657
19-08-2024,1818.223633,1820.904947,1803.013173,1813.543473,2585989
20-08-2024,1825.438721,1838.601536,1821.538627,1833.043951,3870333
21-08-2024,1825.926147,1832.068842,1820.466041,1828.266227,1966902
22-08-2024,1833.28772,1846.353057,1823.001175,1836.944057,4300287
23-08-2024,1815.590942,1835.578921,1810.618347,1831.288794,5015935
26-08-2024,1829.290161,1841.575432,1817.443603,1823.293743,3728589
27-08-2024,1852.641846,1855.225681,1827.096282,1829.290084,3830679
28-08-2024,1890.667847,1902.270649,1850.009419,1859.272141,6514531
29-08-2024,1885.061401,1901.783076,1872.922408,1884.720167,7228284
30-08-2024,1895.152832,1901.295527,1879.845013,1889.595247,13466759
02-09-2024,1915.433472,1926.402485,1894.275511,1894.811703,5573739
03-09-2024,1892.76416,1917.871013,1888.084,1917.871013,4694322
04-09-2024,1874.433594,1879.064955,1852.593166,1873.117336,4778310
05-09-2024,1884.866455,1891.545341,1861.904607,1878.13877,4081810
06-09-2024,1854.348145,1888.132728,1849.473028,1873.994889,5848106
09-09-2024,1847.328003,1872.873567,1841.819097,1842.794121,4772612
10-09-2024,1864.537231,1886.670214,1848.644303,1857.322035,6909600
11-09-2024,1862.440796,1877.894892,1857.419402,1866.877081,5312946
12-09-2024,1901.734253,1907.535713,1863.074672,1876.919956,8555092
13-09-2024,1895.542969,1909.680808,1887.304069,1901.734344,3843127
16-09-2024,1901.539429,1903.24572,1884.769073,1897.151823,1570181
17-09-2024,1903.78186,1909.534403,1893.641594,1899.101701,2793127
18-09-2024,1844.890503,1890.326568,1834.311523,1890.326568,6385468
19-09-2024,1846.88916,1876.822448,1831.873896,1862.879567,7976570
20-09-2024,1858.150879,1867.169846,1820.758755,1857.419611,15242974
23-09-2024,1849.083008,1870.972354,1831.532587,1861.319599,3636672
24-09-2024,1851.179321,1863.172156,1824.658734,1840.844098,7277616
25-09-2024,1847.961792,1854.104368,1829.92386,1839.235262,4268341
26-09-2024,1852.788208,1870.046075,1845.719288,1850.399448,8952803
27-09-2024,1859.125854,1925.281168,1855.762071,1883.842674,14908931
30-09-2024,1828.753906,1853.763281,1823.781311,1833.044033,6986955
01-10-2024,1856.785767,1861.27085,1828.168854,1828.168854,4029072
03-10-2024,1846.109253,1864.098386,1834.018939,1842.306638,7503887
04-10-2024,1870.241089,1905.293131,1838.894064,1842.355444,10001483
07-10-2024,1885.987671,1893.495303,1868.193495,1875.164817,6112575
08-10-2024,1899.881836,1909.04696,1858.735778,1889.497813,5637391
09-10-2024,1903.976807,1927.621122,1896.517854,1903.78185,4857163
10-10-2024,1871.069946,1914.946,1866.292308,1908.998381,4782119
11-10-2024,1886.7677,1898.370502,1862.392116,1870.094824,4709431
14-10-2024,1909.973267,1920.30849,1882.86757,1883.891392,3751378
15-10-2024,1910.363403,1941.710311,1903.001929,1911.045872,5353705
16-10-2024,1872.142456,1910.607202,1868.486118,1906.170797,3111512
17-10-2024,1918.943481,1928.596237,1881.941392,1886.865189,8162822
18-10-2024,1832.653931,1888.474019,1822.562462,1846.499334,10526196
21-10-2024,1806.474609,1851.374485,1792.093014,1843.866733,4654601
22-10-2024,1805.353149,1830.898832,1800.819267,1811.78828,4125240
23-10-2024,1826.608887,1838.894158,1797.943175,1799.161954,4311910
24-10-2024,1816.809814,1836.944071,1813.54351,1814.908566,2906475
25-10-2024,1815.542358,1829.485122,1800.283218,1816.907296,4689120
28-10-2024,1818.759888,1834.896573,1810.618466,1813.250982,7018940
29-10-2024,1813.779907,1825.909173,1803.622771,1820.386897,4621252
30-10-2024,1777.096069,1813.484111,1771.42585,1806.581235,5919715
31-10-2024,1732.868408,1763.093168,1722.267563,1763.093168,7395236
01-11-2024,1736.418335,1741.496903,1727.740506,1740.017716,371966
04-11-2024,1739.179565,1742.48306,1694.16293,1700.572743,7336722
05-11-2024,1729.860596,1743.912878,1720.788293,1735.580169,3160880
06-11-2024,1798.396362,1801.8478,1738.193495,1739.52474,10421494
07-11-2024,1778.032959,1800.368597,1762.205603,1787.795501,4550965
08-11-2024,1804.55957,1815.061827,1787.992741,1792.775424,4210960
11-11-2024,1834.29126,1842.081672,1797.262335,1803.622793,3804234
12-11-2024,1842.870605,1854.901283,1835.178782,1845.138621,5012450
13-11-2024,1842.476196,1847.209525,1830.544106,1835.277435,4257495
14-11-2024,1838.679565,1849.970649,1830.248148,1839.714925,4311431
18-11-2024,1786.316284,1823.542507,1770.094574,1823.542507,4839244
19-11-2024,1799.431763,1833.896787,1795.290085,1800.171357,4669769
21-11-2024,1808.602783,1841.095557,1795.339328,1816.44243,5436504
22-11-2024,1875.856445,1887.492769,1808.553408,1828.374498,6301486
25-11-2024,1863.480591,1892.669991,1855.887476,1889.41573,12764638
26-11-2024,1897.452637,1911.702096,1870.975202,1878.518963,6850495
27-11-2024,1897.797729,1914.463268,1885.224635,1903.320006,4447143
28-11-2024,1830.88916,1888.330946,1825.958535,1888.330946,8468790
29-11-2024,1832.07251,1850.95683,1819.400826,1825.416165,5244346
02-12-2024,1853.718018,1856.676393,1809.736742,1833.206567,2868263
03-12-2024,1865.84729,1873.391171,1845.188017,1860.818076,4715792
04-12-2024,1863.036865,1887.394107,1848.984582,1857.859708,4705573
05-12-2024,1908.00415,1922.845381,1862.740984,1873.637714,9050038
06-12-2024,1895.726929,1911.061102,1885.865678,1905.982654,3573331
09-12-2024,1896.959595,1903.418642,1870.876513,1897.501891,4274645
10-12-2024,1921.51416,1938.327521,1905.193741,1912.096617,6174921
11-12-2024,1946.758911,1950.555469,1924.916216,1927.874591,5025612
12-12-2024,1959.430542,1971.066866,1943.208833,1947.794218,6462130
13-12-2024,1971.954346,1978.61069,1926.691299,1942.419947,5362693
16-12-2024,1952.577026,1971.8557,1950.160948,1967.763256,3119221
17-12-2024,1949.174927,1954.500027,1930.833023,1940.694275,5811050
18-12-2024,1951.689575,1957.409029,1934.383031,1939.510954,3064095
19-12-2024,1919.196655,1932.558699,1893.360225,1907.165977,5323592
20-12-2024,1895.480347,1952.478304,1884.731559,1947.744976,11056720
23-12-2024,1897.600586,1913.082702,1882.512824,1903.270805,2781793
24-12-2024,1882.562134,1915.054907,1814.470149,1900.312385,2360544
26-12-2024,1880.935059,1893.11368,1875.905845,1882.562189,3623321
27-12-2024,1890.155273,1897.452623,1877.48359,1882.907278,3937500
30-12-2024,1879.554443,1889.415694,1860.325004,1889.119809,7789055
31-12-2024,1853.915161,1870.679288,1819.450138,1866.044548,3613063
01-01-2025,1856.380493,1866.685452,1847.99843,1847.99843,1838368
02-01-2025,1930.685059,1935.418507,1859.141753,1860.818117,7083645
03-01-2025,1911.850098,1925.853026,1895.332502,1925.853026,6218003
06-01-2025,1910.962524,1945.624846,1901.249216,1924.916219,7164403
07-01-2025,1904.059692,1931.375431,1896.95964,1918.013387,4294832
08-01-2025,1906.327759,1911.702092,1862.54378,1903.221441,5482050
09-01-2025,1890.697754,1924.768305,1884.041409,1907.21535,6833503
10-01-2025,1939.658691,1950.358245,1905.440199,1910.124293,8036913
13-01-2025,1934.974609,1955.288883,1921.957806,1928.860682,5804152
14-01-2025,1913.13208,1944.441553,1904.306188,1941.532411,5792162
15-01-2025,1922.598877,1930.882352,1910.222958,1919.985621,2985439
16-01-2025,1901.692871,1939.658687,1890.253844,1938.672562,7533579
17-01-2025,1790.260742,1832.220413,1786.858659,1825.317537,16409953
20-01-2025,1788.140747,1802.587384,1768.270302,1797.656758,4333011
21-01-2025,1775.715454,1806.236099,1768.171693,1793.810946,7169109
22-01-2025,1830.691895,1839.912261,1780.103749,1782.322531,8373913
23-01-2025,1839.567017,1853.471477,1826.993922,1832.220433,5907471
24-01-2025,1849.428345,1868.608551,1838.383791,1839.616448,4887027
27-01-2025,1796.719971,1837.151101,1786.858719,1823.098818,7652371
28-01-2025,1804.362427,1837.644149,1799.579744,1804.608958,6999495
29-01-2025,1855.147827,1862.445177,1814.96323,1819.400793,5145155
30-01-2025,1834.143311,1861.015219,1818.414664,1847.160234,7336056
31-01-2025,1853.718018,1871.123029,1845.040069,1845.040069,5820470
01-02-2025,1825.66272,1864.368131,1820.386974,1854.211114,1701402
03-02-2025,1837.447021,1850.51318,1806.975731,1810.525757,4823228
04-02-2025,1872.454468,1884.682323,1848.984641,1862.790393,7334787
05-02-2025,1870.728638,1893.064275,1868.016794,1879.554409,4996744
06-02-2025,1889.070557,1897.304677,1873.637675,1890.401801,4765255
07-02-2025,1877.237061,1897.008796,1863.234012,1892.669942,4126260
10-02-2025,1854.21106,1878.568301,1852.534575,1878.568301,3828734
11-02-2025,1849.62561,1876.596108,1844.053979,1856.972194,4411601
12-02-2025,1837.299072,1868.31266,1821.373127,1858.845882,5633947
13-02-2025,1817.675171,1847.505456,1810.180644,1842.574831,5237744
14-02-2025,1830.6427,1833.502487,1802.981842,1828.275976,5292961
17-02-2025,1816.738281,1827.04324,1796.867837,1813.040312,4428956
18-02-2025,1826.254395,1835.819881,1812.103523,1816.738383,4365260
19-02-2025,1785.675415,1823.542523,1780.843378,1821.76757,4611411
20-02-2025,1799.826294,1805.595102,1780.498266,1780.498266,2218020
21-02-2025,1789.817017,1804.46095,1781.139068,1796.522715,3379879
24-02-2025,1739.623291,1782.914208,1725.965482,1775.074561,7594720
25-02-2025,1743.17334,1753.774185,1720.93629,1720.93629,5092963
27-02-2025,1739.820557,1751.210229,1726.803633,1730.846722,5757079
28-02-2025,1664.283325,1730.748183,1659.106168,1730.698949,12182167
03-03-2025,1684.893311,1704.615812,1668.819544,1668.819544,7504969
04-03-2025,1664.875122,1675.426613,1646.828984,1671.482112,6759673
05-03-2025,1687.753174,1708.90551,1668.967442,1668.967442,8180782
06-03-2025,1692.042725,1698.403304,1667.636128,1691.204542,10610547
07-03-2025,1662.606934,1681.343311,1652.25262,1679.469649,8019331
10-03-2025,1677.842529,1695.149073,1652.94287,1662.606944,7558981
11-03-2025,1638.54541,1656.690136,1614.336112,1656.690136,12671234
12-03-2025,1568.7771,1614.188209,1542.102488,1614.188209,14870008
13-03-2025,1557.929688,1583.766237,1548.512265,1577.060538,7822888
17-03-2025,1567.988281,1571.883427,1523.71124,1523.71124,7526032
18-03-2025,1567.988281,1567.988281,1567.988281,1567.988281,0
19-03-2025,1564.536865,1580.758575,1550.977645,1580.758575,7387068
20-03-2025,1593.134521,1609.257643,1569.911226,1569.911226,7186750
21-03-2025,1570.453613,1581.646109,1541.954573,1556.05609,10074677
24-03-2025,1570.650757,1584.801628,1550.8789,1575.778559,8857726
25-03-2025,1605.855347,1613.448582,1582.730762,1582.730762,9890140
26-03-2025,1577.257813,1615.026454,1572.869604,1603.439483,6651302
27-03-2025,1581.301025,1597.473381,1563.994481,1573.412024,9426573
28-03-2025,1548.857422,1576.271628,1538.355165,1567.938919,6799047
01-04-2025,1505.319946,1525.929985,1496.78994,1517.893041,12680733
02-04-2025,1528.641846,1534.065534,1513.899203,1513.899203,6193478
03-04-2025,1475.736206,1513.356903,1464.445122,1513.356903,10459504
04-04-2025,1431.508545,1451.576167,1427.909164,1440.235728,9590254
07-04-2025,1377.370239,1386.393308,1288.865511,1333.241141,21715252
08-04-2025,1408.975586,1436.291203,1395.367011,1411.145013,12805001
09-04-2025,1384.223755,1389.893974,1362.7263,1385.55512,8546854
11-04-2025,1389.894043,1418.836912,1377.666187,1391.669116,12567440
15-04-2025,1406.214355,1427.613221,1389.450229,1425.542383,10178530
16-04-2025,1393.493408,1407.693634,1377.419641,1405.228321,12022740
17-04-2025,1399.804565,1409.961702,1359.17626,1378.602876,14264227
21-04-2025,1430.867554,1451.379004,1390.436424,1390.436424,15648970
22-04-2025,1403.058838,1420.020141,1399.6074,1420.020141,9399738
23-04-2025,1454.435913,1467.156951,1419.625649,1425.936874,11136642
24-04-2025,1450.984497,1462.324936,1441.221834,1449.505309,7114292
25-04-2025,1459.662354,1480.864044,1443.194112,1455.027614,8329979
28-04-2025,1461.536011,1468.931949,1444.969181,1459.662349,5886253
29-04-2025,1476.722412,1488.8518,1453.64706,1461.437472,8056743
30-04-2025,1479.286255,1487.865616,1462.029065,1476.032114,7704183
02-05-2025,1485.991943,1502.06571,1475.440333,1478.89177,7402310
05-05-2025,1487.668335,1501.868561,1481.948881,1493.97956,4282493
06-05-2025,1490.528076,1494.571165,1478.300101,1485.104388,4270530
07-05-2025,1487.372559,1497.726872,1475.834823,1479.187672,5691799
08-05-2025,1490.429565,1495.45878,1480.371017,1487.076716,8424409
09-05-2025,1486.682251,1490.429575,1473.369561,1479.877963,4478653
12-05-2025,1604.327026,1609.356241,1510.743726,1515.674352,11372857
13-05-2025,1546.835815,1589.830846,1542.891315,1586.675294,12846210
14-05-2025,1570.305664,1572.869565,1547.723375,1552.160938,4870057
15-05-2025,1590.619751,1596.142027,1549.202498,1567.741697,11151167
16-05-2025,1567.840332,1590.225324,1559.556857,1590.225324,4576751
19-05-2025,1538.157959,1563.008263,1534.11475,1554.6262,8855798
20-05-2025,1538.946777,1561.529066,1536.382876,1548.216377,7143998
21-05-2025,1546.737183,1549.202495,1530.564707,1546.145532,4157309
22-05-2025,1526.028564,1539.144076,1518.632626,1533.917565,6158990
23-05-2025,1543.088623,1565.177729,1528.493923,1528.493923,5038421
26-05-2025,1558.570679,1561.82494,1541.017604,1544.863516,3170102
27-05-2025,1548.315063,1560.937513,1534.805197,1557.979138,7775714
28-05-2025,1549.991455,1565.670748,1548.216382,1559.063758,3623370
29-05-2025,1563.599976,1586.576739,1554.724849,1566.952825,8609500
30-05-2025,1562.699951,1572,1555.099976,1571,13148092
02-06-2025,1553.800049,1560,1539,1560,4374509
03-06-2025,1543,1567.300049,1535.599976,1559,6853403
04-06-2025,1551.199951,1557.300049,1541.400024,1543,4548307
05-06-2025,1554.300049,1567.699951,1541.599976,1547.900024,6948539
06-06-2025,1563.800049,1568.900024,1543.099976,1554.699951,3960020
09-06-2025,1572.900024,1588,1571,1578,2903202
10-06-2025,1596,1607.5,1577.5,1584,8591925
11-06-2025,1631.099976,1634.599976,1590.099976,1590.099976,10597410
12-06-2025,1608.599976,1628,1598.099976,1617,10483574
13-06-2025,1602,1609,1570.199951,1576,6968315
16-06-2025,1623.800049,1634.800049,1597.099976,1600,5591842
17-06-2025,1639.900024,1647.400024,1615.599976,1620.699951,7622083
18-06-2025,1632.900024,1644.699951,1621,1621,5629707
19-06-2025,1618.400024,1630,1611.5,1623.900024,5147760
20-06-2025,1622.900024,1630.699951,1608.900024,1619,9202821
23-06-2025,1584,1601,1575.400024,1601,7943676
24-06-2025,1581.599976,1609,1576.599976,1601,8083992
25-06-2025,1614.900024,1619.900024,1585.099976,1590,7813533
26-06-2025,1616,1624,1606.599976,1608.800049,6519233
27-06-2025,1608,1629.599976,1602.400024,1619,8912268
30-06-2025,1601.800049,1615,1594.099976,1615,6294505
01-07-2025,1606.800049,1617.699951,1600.5,1609,4178937
02-07-2025,1610.5,1649,1603.400024,1618,8653641
03-07-2025,1618.699951,1632.400024,1615,1618.5,5259695
04-07-2025,1640.699951,1643.400024,1612.300049,1625,4411273
07-07-2025,1627,1644,1623,1640,3294523
08-07-2025,1638.699951,1646.199951,1621.5,1628,4590681
09-07-2025,1633.699951,1638,1623.599976,1637.800049,4580828
10-07-2025,1615.800049,1638.900024,1607.099976,1638.900024,5330179
11-07-2025,1594.900024,1607.099976,1563,1579.099976,11391755
14-07-2025,1570.300049,1591.800049,1559.800049,1591.800049,9173426
15-07-2025,1585.599976,1603.599976,1564,1565.099976,7614807
16-07-2025,1607.900024,1612,1578.5,1579,6223491
17-07-2025,1583.5,1610,1580.099976,1598,7374814
18-07-2025,1586.099976,1599.300049,1580,1592.099976,5161833
21-07-2025,1584.300049,1589,1566.800049,1580,3682661
22-07-2025,1570.900024,1585.800049,1565,1565,8473741
23-07-2025,1574.5,1591.900024,1550,1576.300049,8035026
24-07-2025,1552.5,1582,1548.199951,1580,14169664
25-07-2025,1515.699951,1549.5,1511.300049,1543.400024,10851259
28-07-2025,1516,1519.300049,1482.5,1513.900024,6439855
29-07-2025,1513.699951,1517.199951,1496.099976,1512.900024,7070448
30-07-2025,1519,1521.699951,1506,1519.900024,5719051
31-07-2025,1509,1527.099976,1497,1509.699951,6851407
01-08-2025,1469.599976,1498.699951,1465.5,1493.900024,8702978
04-08-2025,1480.5,1482.800049,1451,1461.5,8610216
05-08-2025,1460.300049,1478.699951,1455,1478.699951,10213323
06-08-2025,1436.699951,1456.099976,1430.300049,1452,10566934
07-08-2025,1436.900024,1442,1414.199951,1430,9892020
08-08-2025,1423.099976,1433.199951,1417.099976,1425,10048009
11-08-2025,1428.199951,1433.400024,1414,1419.900024,6625368
12-08-2025,1424.099976,1441,1421,1428.199951,9899184
13-08-2025,1426.599976,1434,1422.400024,1425,10318063
14-08-2025,1447.699951,1470,1426.199951,1426.199951,12902347
18-08-2025,1435.800049,1464.699951,1429.599976,1464.699951,7254561
19-08-2025,1440,1449.400024,1432.699951,1432.699951,3986094
20-08-2025,1496.199951,1499,1440.699951,1440.699951,10413061
21-08-2025,1496.400024,1508,1484.300049,1508,6565539
22-08-2025,1487.5,1504.300049,1486.099976,1498.099976,5543397
25-08-2025,1532.099976,1539,1506.699951,1506.699951,10694531
26-08-2025,1529.599976,1538.400024,1518.599976,1523,15994798
27-08-2025,1529.599976,1529.599976,1529.599976,1529.599976,0
28-08-2025,1500.099976,1529.599976,1498,1529.599976,5443364
29-08-2025,1469.599976,1501.900024,1467.699951,1501.900024,8169075
01-09-2025,1499.400024,1503.400024,1476.199951,1476.699951,4546057
02-09-2025,1498.699951,1512.800049,1486.300049,1499.400024,5218763
03-09-2025,1479.099976,1501.900024,1473,1500,4623483
04-09-2025,1463,1484,1460.099976,1484,5787724
05-09-2025,1444.599976,1472.699951,1433,1470,5466487
08-09-2025,1432.900024,1458,1428.300049,1451,3811567
09-09-2025,1504.300049,1507.199951,1472.5,1481,13072640
10-09-2025,1532.599976,1534.900024,1509.300049,1510.099976,7281071
11-09-2025,1509.699951,1527.5,1506.5,1523.900024,8003662
12-09-2025,1525.599976,1542.900024,1521.099976,1537,12856963
15-09-2025,1508.400024,1527.5,1501.199951,1525.599976,6167414
16-09-2025,1511.300049,1514,1503.5,1508.400024,8923112
17-09-2025,1522.400024,1526.699951,1514,1516.900024,4795698
