Price,Close,High,Low,Open,Volume
02-01-2020,107.7029419,109.1751054,106.9804037,109.1480114,345700
03-01-2020,107.3055191,107.901614,106.1855913,106.1855913,292300
06-01-2020,107.0436096,107.5132615,106.4113939,106.9532941,399100
07-01-2020,107.3416748,108.2448441,106.3301296,106.3301296,412200
08-01-2020,107.2332993,108.5067644,106.8268689,106.9171845,279200
09-01-2020,108.1003418,108.2177513,106.9984741,107.6577839,397800
10-01-2020,106.5920029,108.1183607,106.4745934,108.0370788,327000
13-01-2020,108.8499527,109.7621556,107.2694065,107.7571188,503600
14-01-2020,109.5002213,109.5363488,108.3351323,108.6602737,416800
15-01-2020,109.5905457,109.9247207,108.7957593,108.904142,425000
16-01-2020,109.1389694,110.1685887,108.5519149,110.1685887,343700
17-01-2020,109.7350616,110.2408342,109.2112218,109.7982832,382400
21-01-2020,105.6256485,108.4977272,104.8489223,108.0822701,752600
22-01-2020,106.0410995,106.8178187,105.770146,106.0591599,395000
23-01-2020,106.6281433,106.9894123,103.7018773,105.3185509,373400
24-01-2020,105.4359665,106.5920219,104.3882938,106.5920219,267600
27-01-2020,103.846405,104.939239,103.25031,103.6115791,334300
28-01-2020,104.5237885,105.4992061,103.6477131,104.7044196,283200
29-01-2020,103.6567459,105.1198828,103.602558,104.3341229,318600
30-01-2020,106.2578735,106.2849675,102.9251765,103.1058145,292700
31-01-2020,103.683815,105.5262739,103.503177,105.3004816,735400
03-02-2020,104.8940811,105.4811425,103.7199583,104.1625162,325900
04-02-2020,105.4088898,106.6913885,105.1740638,106.6913885,280900
05-02-2020,107.4590836,107.7842182,105.8333761,106.4023703,329000
06-02-2020,107.106842,108.407408,106.6552574,108.2448373,534100
07-02-2020,104.8218155,106.754597,104.5328016,106.4384892,330100
10-02-2020,105.2282333,105.8243214,104.3160306,104.3160306,310000
11-02-2020,106.4114075,107.5584295,105.8424133,105.8424133,452700
12-02-2020,105.6437073,107.4681061,105.390821,107.3958578,278000
13-02-2020,105.1108322,105.8785316,104.8940735,105.1198658,195300
14-02-2020,104.8127975,105.3546977,104.1625146,105.0837442,405500
18-02-2020,104.7856827,105.5895096,104.1083058,104.5598904,365500
19-02-2020,105.8514328,106.3752726,105.0566463,105.2282507,681700
20-02-2020,98.80671692,107.3506972,95.74497373,106.1404468,1423800
21-02-2020,100.2066116,101.127848,97.35260078,97.96675606,887600
24-02-2020,98.21965027,99.0234703,96.44040585,96.73845334,485600
25-02-2020,97.05458832,99.62861987,96.35915087,98.49965806,574400
26-02-2020,98.10225677,99.21315121,97.3977789,97.75002128,763500
27-02-2020,94.37214661,97.51517842,94.1824819,95.97075993,653600
28-02-2020,92.38519287,93.21610701,89.7660004,91.03947248,940500
02-03-2020,95.52820587,95.64562228,91.56329353,92.87289304,1159800
03-03-2020,95.17598724,98.84285963,94.62505337,95.52822275,618200
04-03-2020,98.18351746,98.38221577,94.83276074,96.62103869,501400
05-03-2020,95.08566284,96.55783321,94.54376264,95.51918714,512200
06-03-2020,92.75548553,94.20958868,91.51814799,92.2406793,700700
09-03-2020,85.12369537,89.59438007,84.98821862,89.59438007,664000
10-03-2020,89.40470886,89.6937227,85.56624012,87.6254646,761900
11-03-2020,86.23461151,88.60091077,85.00630066,86.93908249,607800
12-03-2020,78.22979736,83.93907121,72.82052792,80.72078481,774600
13-03-2020,81.74808502,83.14813093,77.36612603,83.0572203,1031400
16-03-2020,73.24782562,79.08437655,68.66585827,72.27506713,953600
17-03-2020,75.86607361,77.59340328,71.56593919,74.71149407,1023500
18-03-2020,69.07494354,72.9659762,68.2021822,71.14773612,961100
19-03-2020,71.20228577,74.91149743,66.37486027,68.31128358,884600
20-03-2020,67.64763641,73.24781316,66.9021512,71.33866215,1030300
23-03-2020,64.92936707,68.40220617,64.15661623,67.24762649,875700
24-03-2020,75.28422546,75.7751511,67.14760419,67.50216043,867700
25-03-2020,75.79336548,81.41172947,73.09327695,75.37517095,1027700
26-03-2020,83.23905182,83.72088446,76.1297314,76.63884348,960600
27-03-2020,75.83881378,80.96625172,75.49335056,80.23895964,717200
30-03-2020,80.61170197,81.14808659,74.32968378,76.26610768,581400
31-03-2020,79.62982941,82.98448493,78.67525743,81.00260275,654100
01-04-2020,75.57517242,78.32071977,74.2114919,76.34793027,632500
02-04-2020,75.93881989,77.57523925,72.73871938,75.93881989,512100
03-04-2020,72.5114212,76.29335722,71.11137542,74.67512455,423500
06-04-2020,76.65701294,77.33885307,75.55697836,76.12972157,1102600
07-04-2020,77.43887329,80.83898153,77.41160079,79.30257282,383700
08-04-2020,79.73892212,81.53898295,76.63882622,78.44797326,347100
09-04-2020,81.67536163,84.18453552,80.91170394,81.82082421,407400
13-04-2020,79.27526855,81.82080756,78.92980542,81.16623999,343300
14-04-2020,80.6571579,82.64813367,79.42075368,81.30263251,303700
15-04-2020,75.3842392,78.0025096,74.64785411,77.347942,581900
16-04-2020,75.18425751,76.05701923,72.7841801,75.61154522,1004100
17-04-2020,80.06623077,80.42988031,77.55705661,77.55705661,451000
20-04-2020,77.31158447,79.82984443,76.98430064,77.6934133,395900
21-04-2020,75.90245819,77.01158616,74.42059448,75.1388004,367800
22-04-2020,76.21154785,78.18433702,75.13878574,77.52976936,523700
23-04-2020,78.10253143,82.24811795,77.28432174,77.39341174,535500
24-04-2020,79.20256042,80.89352468,77.91160437,80.89352468,522600
27-04-2020,82.02084351,82.8754189,78.54800386,79.76622186,369200
28-04-2020,81.32989502,83.63906124,80.19349473,82.84812414,442800
29-04-2020,86.31188965,87.53010761,82.90268828,82.90268828,406600
30-04-2020,81.43897247,85.51182625,81.16623369,84.95726249,862400
01-05-2020,79.77529144,82.18446118,78.82071253,79.51164577,385500
04-05-2020,79.44801331,80.39349914,78.36615805,79.12982262,398400
05-05-2020,79.16619873,81.72991774,79.09346744,80.82989057,397300
06-05-2020,78.74799347,80.21167753,77.92978391,79.77529679,358300
07-05-2020,80.77532959,82.02082678,80.38440762,80.38440762,288200
08-05-2020,84.43003082,84.61185216,82.19359503,82.42087517,456700
11-05-2020,83.02994537,83.56632294,81.28443634,82.1935565,564900
12-05-2020,79.08437347,83.25723929,79.08437347,83.25723929,429300
13-05-2020,75.47517395,78.18435584,75.01152753,76.48429817,460400
14-05-2020,77.75704193,77.93887011,72.91143008,74.00237837,395400
15-05-2020,79.59348297,79.84803554,76.17518879,77.42068607,307000
18-05-2020,84.97545624,85.48456127,82.32991344,83.01175351,445400
19-05-2020,83.11178589,85.71187081,83.01178209,84.43001464,330000
20-05-2020,83.00269318,84.77547514,82.73904743,83.52089151,413100
21-05-2020,82.9845047,84.111812,82.75722461,82.92086655,366700
22-05-2020,83.14813995,83.60270009,81.45717568,83.02086367,149600
26-05-2020,85.58457184,86.92097959,85.14819804,86.36641574,280500
27-05-2020,89.77561188,89.88470879,86.71187458,87.21189342,502800
28-05-2020,89.36849976,90.85980206,88.56338065,90.85980206,415000
29-05-2020,88.74633026,88.97505792,86.6237379,88.69143786,542600
01-06-2020,89.62466431,90.03637837,88.18825458,89.048273,397400
02-06-2020,90.15530396,90.841487,89.42337258,90.841487,387900
03-06-2020,91.62833405,93.64113537,90.95130189,91.26236827,880300
04-06-2020,92.49746704,92.56151051,90.27423384,91.1068059,445000
05-06-2020,93.24771881,96.7792755,93.11963184,94.94030261,456900
08-06-2020,93.43982697,95.41603742,92.81768741,94.33644252,326800
09-06-2020,92.470047,92.62558018,90.39320227,91.69237411,429200
10-06-2020,93.24771881,94.51944442,92.32366381,92.47004593,635600
11-06-2020,83.88816833,90.5578685,83.67773579,89.87168544,399900
12-06-2020,85.22395325,88.01442735,83.48562111,86.29439734,491800
15-06-2020,85.82778168,86.6237566,82.21388674,82.21388674,505100
16-06-2020,88.79209137,91.2074552,88.06015998,89.52401578,422000
17-06-2020,87.81315613,89.06657966,87.49293171,88.50848342,291400
18-06-2020,87.35569,87.92293026,86.49567158,86.77929171,377900
19-06-2020,87.60270691,88.81038886,86.19374347,88.11505471,1114100
22-06-2020,88.06017303,88.27060561,86.3035458,87.59356653,336500
23-06-2020,87.26418304,89.75274135,87.2184417,89.46912126,256100
24-06-2020,83.31178284,86.24864594,83.16540073,86.0839617,513500
25-06-2020,84.98606873,85.05011221,82.34197691,83.35752852,293600
26-06-2020,82.71710205,84.00712286,81.97601944,84.00712286,599600
29-06-2020,84.98606873,85.87353337,83.75094047,83.75094047,520800
30-06-2020,86.85250854,87.11783359,84.52863358,84.52863358,419600
01-07-2020,85.05927277,87.40144258,84.43713304,87.40144258,321900
02-07-2020,86.32182312,87.84972231,85.39776136,86.95311374,326800
06-07-2020,87.06291962,88.16080984,85.49841592,88.12421257,279100
07-07-2020,85.87354279,87.12697331,85.11416502,85.81865036,390700
08-07-2020,84.26329041,86.44078276,83.9705192,86.29439367,373100
09-07-2020,82.23217773,85.12329913,81.77472235,84.95861491,434400
10-07-2020,84.59265137,84.67499697,82.2413309,82.2413309,248800
13-07-2020,83.47649384,86.0108017,83.37585305,86.0108017,396200
14-07-2020,85.90097809,85.91012915,82.35112655,83.00986347,604300
15-07-2020,87.00802612,87.68505824,85.82779021,87.51122992,284000
16-07-2020,86.51394653,86.96225777,86.01989396,86.5505438,220500
17-07-2020,86.13884735,87.05375809,85.86437134,86.6877924,231800
20-07-2020,85.89183807,86.50483372,85.64481519,86.0016299,254400
21-07-2020,87.25506592,88.2706177,86.20291686,86.20291686,377300
22-07-2020,88.28890228,88.44443546,86.43163426,86.5414191,313100
23-07-2020,92.24131775,97.95035988,91.71066775,92.87260851,760400
24-07-2020,93.73259735,93.74174841,90.65849688,92.17725197,575600
27-07-2020,94.65667725,94.757318,92.50663811,93.63197456,412800
28-07-2020,91.71981049,93.83325226,91.56427732,93.83325226,251200
29-07-2020,93.10133362,93.284313,91.57342714,92.39684833,232600
30-07-2020,91.08853149,92.14983154,90.35660693,91.52769182,283000
31-07-2020,89.89913177,91.06106535,89.02996238,91.06106535,346300
03-08-2020,92.48833466,93.16537371,90.00892709,90.77745583,468000
04-08-2020,93.3849411,94.72986104,92.42428201,94.5468747,245600
05-08-2020,94.04367828,95.85519769,93.87899407,95.02263252,188600
06-08-2020,93.59538269,94.18092508,93.23856802,93.60452677,338600
07-08-2020,95.27881622,95.42520531,92.0217358,92.96409287,268200
10-08-2020,97.56610107,97.82227502,95.77287649,95.86436618,267000
11-08-2020,97.91375732,100.1186959,97.50205023,98.57249426,469500
12-08-2020,98.2980423,99.02996693,97.40142643,98.93847722,260000
13-08-2020,97.23511505,98.0817564,96.77498297,97.68604253,188800
14-08-2020,97.84248352,98.9376001,96.61853052,96.78417835,279700
17-08-2020,98.13697815,99.29651306,97.68605064,98.02654391,1107400
18-08-2020,97.70443726,99.26889043,97.54799404,98.44985595,228800
19-08-2020,96.32404327,98.47746495,96.19520686,97.2811188,237600
20-08-2020,96.89460754,97.75045343,94.97125193,95.22893178,540500
21-08-2020,95.23814392,96.64614708,94.98967567,96.04798094,546500
24-08-2020,97.35475159,97.45598121,95.44980495,96.19521672,246400
25-08-2020,96.48970032,97.87930123,95.60624752,97.2351191,215900
26-08-2020,96.86698914,97.12466193,95.83629094,96.25040693,250300
27-08-2020,97.12467957,97.82408229,96.68294968,97.45597522,277000
28-08-2020,97.79646301,98.15537247,96.6921489,97.4651744,266800
31-08-2020,96.50810242,98.4406557,96.44368421,98.21979427,445700
01-09-2020,98.47747803,98.60631446,96.20442424,96.68295855,276900
02-09-2020,100.5296478,100.7137049,97.38234631,98.2381922,328400
03-09-2020,98.44064331,101.7443878,98.02652029,99.97748254,327900
04-09-2020,99.34252167,100.722918,98.15538698,100.0695313,413100
08-09-2020,95.58786011,98.03575962,95.56024628,97.84250495,283100
09-09-2020,97.36394501,99.0664322,96.02955784,96.16759886,315600
10-09-2020,95.85473633,97.9897493,95.79951569,97.97134008,278400
11-09-2020,96.62773895,97.31793709,94.96206303,96.02036122,504200
14-09-2020,97.61241913,97.67683734,96.2964411,97.34554168,310700
15-09-2020,97.88850403,99.2044821,97.70444698,98.3026201,187800
16-09-2020,97.92533112,99.29652301,97.51120795,98.12778337,515400
17-09-2020,98.9099884,99.71061368,95.62464585,96.98663279,271200
18-09-2020,98.10015869,100.4744419,97.34554236,99.51736635,725000
21-09-2020,93.17675781,96.19522351,92.02642747,96.02957566,299600
22-09-2020,92.75343323,94.32708423,92.00802144,93.26877895,317100
23-09-2020,92.71661377,94.62156029,92.44973632,92.55096594,315600
24-09-2020,93.7749176,95.37617525,92.00801213,92.56016921,259400
25-09-2020,94.43749237,94.77798555,92.4497188,92.9558668,149600
28-09-2020,95.95594025,97.48358211,95.31175815,96.40687474,187000
29-09-2020,93.98656464,96.12157695,93.94975323,95.55101773,218200
30-09-2020,93.90377045,95.40379874,93.30559724,93.92217264,389700
01-10-2020,96.39766693,96.95902861,94.20744084,94.33627726,437700
02-10-2020,97.52959442,98.51427675,94.67677004,94.67677004,262000
05-10-2020,99.69223785,100.5388794,98.48668679,98.57871884,259900
06-10-2020,98.03573608,101.0450037,97.89769506,100.3824124,324100
07-10-2020,100.7321091,101.2106503,98.03573494,99.66460635,257300
08-10-2020,103.0695801,103.0787847,100.8517402,101.2290519,208400
09-10-2020,102.8395233,104.5236085,102.5726459,104.0358696,193400
12-10-2020,103.6033478,104.707662,102.6922811,103.1892247,168300
13-10-2020,103.2076187,103.9254236,101.6063612,102.5450274,210400
14-10-2020,103.3824768,104.5604209,103.0327789,103.6033453,180000
15-10-2020,104.1831131,104.3119495,101.8364435,101.8824525,233800
16-10-2020,104.2107315,105.2414301,103.5021311,104.2567475,295500
19-10-2020,103.4376907,105.9868193,102.876329,104.3855617,575100
20-10-2020,103.2904663,105.8211932,103.1340231,104.4776081,351900
21-10-2020,103.0695801,104.5051898,103.0695801,103.3180483,318300
22-10-2020,101.9100494,102.2965657,98.4682635,99.38852765,517400
23-10-2020,102.3701782,103.6493448,101.5143323,103.6125334,375000
26-10-2020,99.29650879,101.8272353,99.08484493,101.256669,367600
27-10-2020,100.2075806,101.5511656,98.47748618,98.67994546,477600
28-10-2020,97.86089325,99.31491239,97.53880218,97.78727745,434100
29-10-2020,100.0419312,101.0358183,96.63695605,97.01426076,445400
30-10-2020,100.2996063,101.0358206,98.86399623,99.57259667,413300
02-11-2020,102.0756912,102.3793801,100.3824087,101.6247638,263700
03-11-2020,102.6922836,103.6125479,101.9100604,103.6125479,309500
04-11-2020,99.62780762,102.1861411,98.79956841,101.2750814,290600
05-11-2020,103.1800232,104.4867967,100.8241421,100.8241421,251400
06-11-2020,103.345665,104.8548976,102.8027055,104.3487495,210800
09-11-2020,107.8641739,112.4194862,106.03285,109.4654317,359200
10-11-2020,109.5022202,110.7813867,107.8181422,108.5727585,346300
11-11-2020,107.8733673,109.7875185,106.7782507,109.704691,227400
12-11-2020,105.8764038,107.4868662,104.8180985,107.1463659,211600
13-11-2020,108.7752304,109.31819,106.8702837,106.8702837,152900
16-11-2020,111.1863174,112.2630248,109.7507076,111.3335631,350500
17-11-2020,111.8304977,112.0697684,109.4378123,109.8059194,286700
18-11-2020,109.1985397,112.1157752,109.1801305,111.7016521,520500
19-11-2020,109.0181351,110.5538658,108.5185673,109.3974446,240700
20-11-2020,109.3511963,110.1375684,108.5370782,109.1384187,271700
23-11-2020,110.8499069,111.5345063,109.4992078,110.5538634,228700
24-11-2020,113.4680481,113.8751036,110.5723649,111.1089461,482300
25-11-2020,112.3301163,113.1904938,110.6093611,112.857444,227200
27-11-2020,112.1543579,113.1905068,111.7287887,112.635426,140000
30-11-2020,108.9811478,111.7750586,108.9441414,111.5807806,471700
01-12-2020,111.2384644,112.4503986,110.7758959,111.1552054,321100
02-12-2020,110.1745682,111.5900338,109.7860123,111.2939902,738500
03-12-2020,110.5261383,111.4142691,109.5917478,110.4983853,337700
04-12-2020,112.4318924,112.8944609,111.0811933,111.2662179,285600
07-12-2020,111.4234924,112.7556848,111.1644552,111.9878265,346900
08-12-2020,111.9600754,112.9129724,110.1653144,110.7388948,381000
09-12-2020,111.0904617,113.5050701,111.0257024,113.0980075,376500
10-12-2020,113.1349869,113.6530613,110.5075945,110.6463665,349300
11-12-2020,112.2006149,113.1257519,110.9146751,112.2653742,284500
14-12-2020,110.6186295,113.6530776,110.5261172,113.4680531,377600
15-12-2020,112.7742157,112.866728,110.0913167,112.2191348,382100
16-12-2020,111.1366959,113.6715761,110.9331717,113.2645136,280300
17-12-2020,110.7944107,111.728794,110.0450449,111.728794,280400
18-12-2020,108.9256287,111.2847308,108.3427949,111.2847308,1232800
21-12-2020,109.7860184,109.8785307,107.3899167,107.3899167,228500
22-12-2020,108.7128525,110.1190576,108.5278208,109.5732302,246400
23-12-2020,109.6102448,110.2948442,109.1014165,109.2494348,173800
24-12-2020,109.2771835,110.1005549,108.4815652,110.1005549,67200
28-12-2020,109.5454865,110.9424384,109.2956955,110.063561,144400
29-12-2020,109.3234329,110.6371257,108.9441304,109.887767,207300
30-12-2020,110.2393265,111.8028032,109.2216701,109.5454737,235200
31-12-2020,110.7851563,111.5992743,109.489963,110.692644,227000
04-01-2021,110.7481461,114.6429719,109.8045095,112.6631793,266000
05-01-2021,113.9213715,114.7724958,110.7574046,110.7574046,351700
06-01-2021,121.22995,121.7665311,116.9188151,116.9188151,748800
07-01-2021,122.5251465,123.9868646,120.9524164,122.2846018,637800
08-01-2021,121.4612198,122.1180732,119.527687,120.5823425,591500
11-01-2021,122.3493652,123.6260588,118.7320763,119.398176,305500
12-01-2021,125.0877762,125.1987881,121.0819314,122.3493645,420400
13-01-2021,122.2290802,124.2273793,120.508325,124.2273793,282800
14-01-2021,122.0625839,124.3014139,121.5815087,123.5705618,458100
15-01-2021,118.0752411,120.2955715,117.1963637,119.9070156,322300
19-01-2021,118.584053,119.8515003,117.9549667,118.9911156,379000
20-01-2021,118.8246078,119.9070165,117.4924082,119.2316704,275800
21-01-2021,116.021431,119.0281261,115.8641523,118.8801008,375600
22-01-2021,116.7707901,117.0390807,114.5874663,115.0777877,290000
25-01-2021,116.2527084,117.1870916,115.0870339,117.1870916,411000
26-01-2021,113.5142899,117.1315784,113.4125242,117.1315784,386600
27-01-2021,110.4058456,112.8297071,109.1014061,112.0896017,468400
28-01-2021,108.7776184,112.4504137,107.9727466,112.1543701,477400
29-01-2021,107.3899002,109.1754148,105.7061512,108.9996365,565500
01-02-2021,110.2578201,110.6093696,107.4916627,109.0273863,323600
02-02-2021,111.8120575,111.9508295,109.8877709,110.6278833,312900
03-02-2021,112.9592285,113.2830251,111.8490669,111.9508326,241200
04-02-2021,114.6429901,114.9112807,112.1173697,113.3940564,256200
05-02-2021,114.4764328,116.7152694,114.2821549,116.030663,328500
08-02-2021,115.2073288,116.8540718,114.4672233,116.0122007,288000
09-02-2021,115.4848633,115.8919188,113.9861387,114.8927761,401200
10-02-2021,114.5782013,116.5579937,114.4949424,116.2804568,187800
11-02-2021,115.0315323,115.3553359,113.4310492,114.6614831,230200
12-02-2021,116.1879654,116.3544904,114.2359326,114.6707411,160700
16-02-2021,117.9457092,118.4915437,116.5395042,116.9188066,288300
17-02-2021,116.0399475,118.6858331,116.0306942,118.0474933,358000
18-02-2021,117.3998947,119.3056819,114.7447488,116.0954481,439900
19-02-2021,121.5352478,122.1088424,116.9558223,118.2695152,474900
22-02-2021,125.2357788,125.8186196,121.5074782,121.5352312,463800
23-02-2021,125.3930664,125.8556349,123.5057931,124.986018,400900
24-02-2021,127.8446732,128.2702282,124.4031627,125.3930519,595000
25-02-2021,125.2820663,129.0103678,124.6992254,128.5940589,338100
26-02-2021,122.3030853,125.2912733,121.3131963,124.6066811,358800
01-03-2021,128.8993225,129.4359036,124.4956761,124.9674908,504300
02-03-2021,128.307251,129.3896596,127.298855,129.1953746,380800
03-03-2021,129.926239,131.8967853,127.7429152,128.9548424,376000
04-03-2021,126.3182068,129.9540027,124.588205,129.9540027,325200
05-03-2021,129.7689362,130.3517627,125.7630923,128.0574275,439100
08-03-2021,135.6805878,136.3004278,130.0002475,131.1196553,424700
09-03-2021,135.0700073,136.1061563,131.9430396,135.3012916,452100
10-03-2021,137.6048431,138.4744598,133.7840239,135.3104939,372400
11-03-2021,140.4099426,140.595827,138.0770485,139.2667258,408800
12-03-2021,142.0457306,143.2168151,140.1682656,141.2928896,427200
15-03-2021,141.5995941,142.2594858,139.5734161,142.2594858,346600
16-03-2021,139.3875275,142.1200718,138.9228094,141.8133562,339100
17-03-2021,139.3503571,141.543827,137.584434,139.0157737,403700
18-03-2021,138.8112946,142.9008079,137.9562008,139.9173117,594300
19-03-2021,138.2815247,139.6570863,135.1958037,139.1737897,1279600
22-03-2021,135.6140442,138.0026879,135.4467383,137.4914952,382600
23-03-2021,131.4315948,134.8240318,130.6694503,134.1176653,583900
24-03-2021,132.3516998,136.3668707,132.1472227,133.4019672,281100
25-03-2021,136.3668671,136.9895876,130.492824,131.0318987,326400
26-03-2021,144.6388397,144.731789,137.7145437,137.7145437,478400
29-03-2021,140.1589508,147.4364363,139.8987099,143.7093889,533200
30-03-2021,140.5772247,141.7297307,138.6347065,140.0288608,341100
31-03-2021,141.5438232,143.3469316,140.0381412,141.9992521,543400
01-04-2021,144.6667175,145.0106185,140.0660119,141.3207562,409700
05-04-2021,145.875,147.7989396,144.9920385,146.9624386,365300
06-04-2021,143.9324646,146.8508932,142.8821973,145.7262693,457200
07-04-2021,143.6257477,145.0384944,142.6963117,144.4715379,277200
08-04-2021,143.3934174,143.9138994,141.1441834,143.0960051,373200
09-04-2021,143.3748169,145.2336892,142.7613998,143.0309301,355600
12-04-2021,145.5404053,145.9865448,143.7744822,144.1927257,254400
13-04-2021,143.4120026,145.6519471,141.8784244,145.5032339,246500
14-04-2021,144.5644989,146.7951543,143.8860145,144.3507325,307800
15-04-2021,144.146286,145.6519826,143.281917,145.6519826,292500
16-04-2021,145.0013275,146.3397178,144.0068382,146.2095973,298700
19-04-2021,144.3414154,145.8006226,142.4639507,144.5272998,281700
20-04-2021,142.0643311,144.9920495,141.3672539,144.8154543,343300
21-04-2021,144.174118,144.8061419,140.6701543,141.2278074,393300
22-04-2021,144.2112579,147.0181438,141.6460061,146.9252087,335900
23-04-2021,146.3769073,146.9996279,144.4436784,145.5961702,294200
26-04-2021,148.5331726,149.527676,147.2319678,147.6316185,586800
27-04-2021,148.7283478,148.9885887,146.3954544,147.8825576,335900
28-04-2021,150.6801758,151.6932719,147.994106,148.2357685,268700
29-04-2021,152.0743256,153.2825953,149.1558969,151.8140846,453500
30-04-2021,148.9979248,152.0650673,148.6354452,149.9366645,332200
03-05-2021,152.9387207,154.1376871,150.6430123,151.5445665,302400
04-05-2021,156.9353027,157.8554355,152.148698,152.148698,375800
05-05-2021,159.2124023,160.0674818,155.6898317,157.8554194,388200
06-05-2021,162.6420441,162.6513333,158.33875,160.3556248,351400
07-05-2021,164.7332458,165.2723204,159.6864009,163.1067328,289800
10-05-2021,163.2833557,168.4231513,162.9394688,167.4286477,508300
11-05-2021,164.0268555,165.0027661,160.4392321,161.1084271,481900
12-05-2021,155.9872589,164.0547573,154.7046326,163.4227475,489200
13-05-2021,160.2719421,162.0750502,156.3683139,156.8144392,433100
14-05-2021,158.5245972,161.4430256,157.6323466,160.9690183,473500
17-05-2021,158.5617828,159.1659105,155.2065184,158.4223589,545400
18-05-2021,155.9687042,159.500565,155.8292945,158.5339575,306800
19-05-2021,154.6489105,154.8905589,149.9831362,153.0595682,362200
20-05-2021,153.9053345,154.9184165,152.1580041,153.8123994,422300
21-05-2021,154.2212982,156.7029046,152.8550404,155.7084014,453300
24-05-2021,156.3776398,157.4743677,153.2547336,154.7604157,357900
25-05-2021,153.5800171,157.6416481,153.4127112,156.7679759,389200
26-05-2021,154.7046356,154.9277054,152.8736454,153.3662454,365600
27-05-2021,157.0826569,159.0332372,156.8306636,158.0439482,425700
28-05-2021,156.8586731,157.1853173,154.5160969,156.3920263,191600
01-06-2021,160.8811951,161.0118556,158.0813136,159.0612607,367400
02-06-2021,157.7733154,161.3291624,156.6066982,161.3291624,326700
03-06-2021,158.1746063,158.566588,155.0760788,157.0733266,478400
04-06-2021,159.0799255,160.2838825,157.2600055,159.1265931,231400
07-06-2021,156.3360291,158.5759426,154.3854486,158.4172843,280400
08-06-2021,162.1224365,162.785067,156.0560282,156.1866887,449400
09-06-2021,161.7024536,162.673087,160.3585227,161.2358068,409900
10-06-2021,161.2358246,164.0357059,160.5545241,164.0357059,446700
11-06-2021,161.711792,163.326386,160.181191,162.3930924,206200
14-06-2021,156.1867218,161.095842,155.1134254,161.095842,374500
15-06-2021,154.4507751,155.7947061,152.5748457,155.6640455,447400
16-06-2021,151.3895569,154.5627493,150.5029166,154.5627493,514000
17-06-2021,144.4178619,151.2495639,143.1952353,151.2495639,512800
18-06-2021,140.0500488,143.7832236,139.7980555,140.488698,803300
21-06-2021,143.2605896,143.764562,140.9646807,141.9539841,539700
22-06-2021,140.712738,143.0086333,140.4420748,143.0086333,461100
23-06-2021,141.0953522,144.0072386,140.9646916,141.6180087,341500
24-06-2021,142.7099457,144.2685445,140.6567023,142.0099754,317800
25-06-2021,143.0552673,144.6512059,142.6166181,143.8299029,619900
28-06-2021,138.8181,143.4005609,138.2207926,143.1952351,405200
29-06-2021,138.8274384,141.8326452,138.407459,139.7607321,390500
30-06-2021,140.8340149,141.4966597,137.9874805,137.9874805,322900
01-07-2021,142.7192841,143.4005845,140.1900659,142.4392931,310200
02-07-2021,142.271286,143.708552,141.6739786,143.1952376,293900
06-07-2021,138.9954224,142.0099712,138.1087962,141.4593314,354500
07-07-2021,140.731369,141.7486701,139.1541144,139.1541144,326500
08-07-2021,138.5007782,140.7220217,136.8768563,138.2487992,264400
09-07-2021,141.5713196,142.5606086,140.6566958,141.0953307,275300
12-07-2021,142.5606079,143.0179269,138.9767636,139.9473828,306100
13-07-2021,140.2180481,141.8326422,139.592743,141.3659953,174600
14-07-2021,139.9194336,142.2993361,139.0888025,141.5713679,240500
15-07-2021,140.9366913,143.0832699,139.40609,139.40609,209400
16-07-2021,138.5381165,141.7299791,138.3327907,141.0673344,359000
19-07-2021,135.0196075,136.26089,133.5729994,136.26089,520600
20-07-2021,138.8367462,139.7327143,134.0022924,134.5529322,411700
21-07-2021,140.7780151,142.2246232,140.1900498,140.6380268,331200
22-07-2021,139.9754181,140.7500538,136.5409033,139.443448,379700
23-07-2021,141.2166595,141.711304,139.4994027,141.2446572,337000
26-07-2021,143.5032043,146.5270804,143.447209,144.7818261,398600
27-07-2021,143.045929,144.0445458,141.0860065,143.1579196,324500
28-07-2021,143.2698822,143.8111941,140.7499926,143.7645266,202100
29-07-2021,148.1510315,148.8043342,144.1658638,144.8378364,283400
30-07-2021,146.6670837,149.4203113,146.0511208,147.4510612,220000
02-08-2021,144.3525391,148.7670144,144.2592182,148.0670441,359300
03-08-2021,146.9377594,147.3670665,142.1499583,144.5951831,204100
04-08-2021,141.3566589,146.3031038,141.2539961,145.8364569,285700
05-08-2021,140.3674011,142.989969,139.6767727,141.6273536,276600
06-08-2021,142.5419464,143.4005749,140.8433592,142.3739604,163900
09-08-2021,143.0926208,143.8859121,140.768714,141.3566937,196100
10-08-2021,147.0404663,147.4231203,143.15796,143.15796,320000
11-08-2021,149.317688,149.401681,146.4711389,147.927075,299100
12-08-2021,148.2191467,149.4564078,145.8477166,148.5003327,193100
13-08-2021,147.2911987,148.5190918,146.6069557,147.6567548,174700
16-08-2021,145.4914856,146.3631904,142.1077441,145.5008537,234300
17-08-2021,143.0075836,144.4791754,140.6361398,144.3573187,165100
18-08-2021,140.4861755,144.0105099,140.3455683,141.479737,262300
19-08-2021,140.3549805,141.4703846,137.186819,137.411782,362400
20-08-2021,140.4861755,142.2108489,139.867538,140.4111879,528800
23-08-2021,141.6109924,142.8013986,141.1704488,142.4920798,274700
24-08-2021,142.9888458,145.528987,142.3514578,143.9261703,336000
25-08-2021,142.1921387,143.8980763,141.6953578,142.8951321,256800
26-08-2021,140.2518463,143.0169503,140.2330958,142.6701448,296700
27-08-2021,143.4949951,144.3292133,141.1423159,141.5359905,272600
30-08-2021,143.0731964,144.7228822,142.4358227,143.9542836,352100
31-08-2021,140.6361694,142.7170311,140.4299712,142.7170311,231000
01-09-2021,140.1674957,140.8048838,136.4181978,139.8300583,292500
02-09-2021,140.2518463,141.076682,139.3613767,141.0579458,279100
03-09-2021,140.2050171,140.8049043,139.4270359,140.1487799,349700
07-09-2021,139.6800842,141.2079133,139.5582275,140.0175216,276500
08-09-2021,138.7615204,139.6144892,137.7867091,138.9208781,323200
09-09-2021,139.3332977,140.6924299,138.2553801,138.7146744,328900
10-09-2021,139.2770691,141.4329187,138.8646439,140.2237762,424700
13-09-2021,140.2425232,141.1048602,138.508481,141.1048602,358500
14-09-2021,136.8868561,139.7925676,136.4275763,139.7925676,218000
15-09-2021,140.6829987,140.9735669,137.8054205,138.4521766,408400
16-09-2021,137.2524109,140.4580731,136.9524745,140.4580731,272500
17-09-2021,135.0497284,136.6056906,133.9624284,136.4744658,938900
20-09-2021,132.2189941,132.350219,126.9699854,130.5786762,454100
21-09-2021,131.3847809,133.3156672,129.7350948,133.3156672,533600
22-09-2021,134.6841888,136.8868933,133.7749827,133.7749827,457700
23-09-2021,135.3403015,137.3368075,134.9278764,135.4059211,389600
24-09-2021,133.924942,136.0526585,133.8218357,134.9466224,226700
27-09-2021,136.2870026,136.9150227,134.0842981,134.0842981,201100
28-09-2021,136.7744141,138.0210576,133.9718082,136.2963836,263200
29-09-2021,135.6214905,139.1458256,134.9184971,138.7334005,315500
30-09-2021,133.4937439,137.6742172,133.1281879,136.7275103,455100
01-10-2021,134.2810669,135.4152355,130.8692072,133.493718,299500
04-10-2021,134.0092773,137.0087127,133.8686844,135.2090515,334500
05-10-2021,134.7216644,136.1651524,132.3783529,133.8218408,247900
06-10-2021,132.3314514,133.2031705,130.3068416,132.5657825,292300
07-10-2021,133.7187347,136.2120217,133.5406408,134.3092395,261900
08-10-2021,132.7720184,134.5154427,132.6314255,133.8311998,186800
11-10-2021,134.9934692,136.9337234,134.3654636,134.4685698,302300
12-10-2021,135.0497284,136.5213206,134.7404096,135.1434523,222800
13-10-2021,135.6964569,136.296344,133.549976,135.4433753,237300
14-10-2021,137.0930786,140.0081584,136.8306289,138.7052779,371600
15-10-2021,138.3303375,140.1018801,137.8148062,137.8710434,318100
18-10-2021,139.2583008,139.9331612,135.7901889,136.9618444,428100
19-10-2021,138.3209686,139.9425358,137.7585683,139.361385,300200
20-10-2021,139.9987946,141.0017244,136.868134,137.599246,266600
21-10-2021,139.0614624,139.1176996,136.2494889,137.7023447,320400
22-10-2021,139.933197,141.367317,139.6145101,140.2237797,210900
25-10-2021,143.2700195,144.0011313,140.298689,140.748615,276000
26-10-2021,141.6672058,143.8699238,141.2828994,142.9513356,231400
27-10-2021,134.9560089,141.3485704,134.9091398,140.0831763,415800
28-10-2021,135.246521,137.7773081,133.7936797,134.1498532,453300
29-10-2021,136.9993591,138.6115585,135.808953,135.808953,421900
01-11-2021,139.8675842,140.1769031,135.6683738,138.9583782,436400
02-11-2021,141.0298462,141.1985577,139.1926839,139.1926839,440800
03-11-2021,145.6789703,146.2132522,140.7861354,141.2173109,506500
04-11-2021,150.7311554,151.5466232,148.8283877,148.8283877,569500
05-11-2021,153.0556946,153.2150523,151.2935344,151.2935344,437700
08-11-2021,154.6023102,157.2830589,154.0961469,155.3427903,423500
09-11-2021,155.5771332,155.6333704,153.8430912,153.9086965,383900
10-11-2021,153.6368561,155.9614167,153.449394,154.6772868,387100
11-11-2021,155.9895325,156.383207,154.5273086,154.6679016,272100
12-11-2021,156.3738556,157.3111801,155.4084125,155.980181,236200
15-11-2021,154.714798,156.4675904,154.396111,155.9520733,259400
16-11-2021,155.1928406,156.0457951,154.255516,155.1459715,356400
17-11-2021,149.2782898,154.8553818,149.1002102,153.2525507,487700
18-11-2021,150.9897308,151.8181597,148.7492152,149.5776441,220500
19-11-2021,152.2229614,154.0021903,150.4249007,150.7920427,246900
22-11-2021,154.3881683,157.155861,152.0817626,152.1758931,341200
23-11-2021,154.3693542,156.9958442,153.3620729,155.2730963,233800
24-11-2021,152.2982635,155.3201356,151.9217128,154.482298,192100
26-11-2021,148.9281006,150.2648745,145.7085441,146.5934542,148800
29-11-2021,147.6384125,150.6037896,147.1771255,150.4437548,306200
30-11-2021,139.9190063,147.6384128,139.4294788,147.0170911,621900
01-12-2021,140.7003632,146.0756999,140.6250501,142.0371372,401000
02-12-2021,144.4094086,146.9041039,141.4628638,142.0935942,324700
03-12-2021,142.5172272,146.2357199,141.0392503,144.7012619,334500
06-12-2021,144.936615,145.812102,141.9429831,143.2326846,405300
07-12-2021,147.9396667,150.274328,147.0076984,147.0076984,286000
08-12-2021,147.7983856,149.3140257,147.0546931,148.937475,204100
09-12-2021,147.6666565,148.7680827,145.0213489,146.5275666,243200
10-12-2021,148.8998566,149.6435637,147.092387,149.6435637,233000
13-12-2021,147.3183136,150.1424872,146.7158238,150.1424872,438800
14-12-2021,147.7136993,150.5849454,147.2618212,147.7984211,367000
15-12-2021,146.2545319,146.6687463,143.2797323,146.4145666,282700
16-12-2021,148.6268463,152.1476402,146.4710524,148.0996695,333300
17-12-2021,149.9071808,150.9897752,146.7629224,147.9584936,706900
20-12-2021,144.4470673,148.5986059,142.7054878,148.5891828,295200
21-12-2021,146.3110352,146.8852844,145.0025018,145.3319945,196800
22-12-2021,148.5044556,148.8621888,145.5390792,146.6687457,196500
23-12-2021,149.3705292,149.9259465,147.91137,148.8621843,197500
27-12-2021,151.6957703,151.8746369,147.2618116,148.9186692,193200
28-12-2021,151.9122925,152.2511939,150.5943506,150.9520838,135100
29-12-2021,153.0702209,153.5314935,150.9991487,151.2533284,104600
30-12-2021,152.006485,154.6988652,151.5828617,154.0587115,137800
31-12-2021,152.7125092,153.5597556,150.3307901,152.1100193,152700
03-01-2022,151.8275909,154.6141156,151.4698576,153.3055822,173600
04-01-2022,153.9833832,156.0826818,152.8631252,153.164363,212100
05-01-2022,156.9769745,160.7331304,154.3881488,155.4330936,295800
06-01-2022,155.7908325,158.2196235,154.2469515,158.2196235,230300
07-01-2022,156.7699127,157.4665475,154.5670602,157.0711649,216200
10-01-2022,152.8819275,158.2572776,152.1664753,156.3368459,400800
11-01-2022,154.5576324,154.6611861,149.3611623,151.9123249,222500
12-01-2022,157.8901367,158.6526613,156.1956296,156.9958179,353800
13-01-2022,155.8849792,159.9235559,155.2260082,158.2102169,254700
14-01-2022,156.5816345,156.8828723,154.2846372,154.3222865,169400
18-01-2022,154.2940063,155.1318439,152.486537,155.1318439,190100
19-01-2022,154.1057129,158.2478422,153.1266725,158.2478422,269700
20-01-2022,151.309845,156.7510864,151.1309783,153.5503612,358000
21-01-2022,141.9994507,150.5096355,141.5946593,150.5096355,445000
24-01-2022,143.2891846,144.0705268,137.669077,139.3824018,451500
25-01-2022,142.6396179,143.373902,137.2454353,141.0015918,413400
26-01-2022,140.3237762,145.717944,139.090556,144.2023036,476200
27-01-2022,141.7735596,144.9742848,140.2579187,142.103038,421900
28-01-2022,142.7055054,143.6468967,139.1376386,143.6468967,398300
31-01-2022,143.9199066,144.0987733,141.8017762,143.0349965,539200
01-02-2022,149.1728821,149.9071662,145.1907863,146.0192153,277600
02-02-2022,150.669693,151.7617104,148.0526261,148.8904639,325800
03-02-2022,150.3872528,152.9384294,148.7115775,150.4060847,160400
04-02-2022,146.9888306,151.7899317,146.9135175,149.4741029,299800
07-02-2022,145.0119171,148.0337897,144.0705258,148.0337897,428900
08-02-2022,149.6906281,149.8036048,145.6991381,146.056857,526100
09-02-2022,153.5879517,154.5011022,148.9280686,150.4060595,250200
10-02-2022,151.4416199,155.762617,150.83913,151.159214,222800
11-02-2022,151.4416199,153.6256547,149.0881415,149.9918835,270500
14-02-2022,152.3641663,153.3432068,150.2177955,152.0723229,337500
15-02-2022,156.9299316,157.73012,151.4792822,153.4373779,344800
16-02-2022,158.3420258,159.4716925,156.2992082,157.1182141,304200
17-02-2022,163.557312,169.5351375,162.6347383,162.6347383,658900
18-02-2022,164.6964111,166.0614257,161.9193096,163.1054575,465700
22-02-2022,164.4139557,169.4598127,164.3951382,166.8521696,560800
23-02-2022,162.5500336,166.5509466,162.1264104,165.2612451,393100
24-02-2022,162.8418579,163.3219767,156.0732524,157.9466262,398000
25-02-2022,172.6699829,172.8112002,164.4139776,164.4234007,562600
28-02-2022,179.6833344,179.9469227,170.9754657,171.1355005,1044300
01-03-2022,176.2096252,183.4865907,171.9827873,179.6080486,646700
02-03-2022,178.1206207,179.8057045,175.0893402,177.2733601,543700
03-03-2022,178.8925781,180.7753606,174.486874,179.6268622,584700
04-03-2022,177.7911682,178.3748262,173.5078348,177.734687,396400
07-03-2022,173.8655701,180.4176458,172.6417584,177.7911703,476200
08-03-2022,171.3426208,174.5527685,168.151305,172.5381918,444200
09-03-2022,177.9323883,179.2221043,170.5801236,172.058115,534800
10-03-2022,178.0600586,179.8286432,173.6905929,177.4642191,429200
11-03-2022,178.0222168,180.2447812,174.7687669,177.6817391,634400
14-03-2022,177.4925842,180.386637,175.0619638,177.9749215,367400
15-03-2022,179.7340698,180.3299094,174.7782458,174.9390249,391500
16-03-2022,179.1949615,184.1035079,176.4143967,181.9944314,401900
17-03-2022,180.6703796,182.2119888,178.6369806,179.3935848,445300
18-03-2022,181.1148987,181.6350749,177.3318199,179.6016614,733900
21-03-2022,184.1508331,187.6785502,181.937721,184.7939496,450400
22-03-2022,184.6898956,186.2693292,183.1010095,184.8790467,391900
23-03-2022,183.8008575,185.4370493,182.2119716,184.5574761,484700
24-03-2022,184.6993256,186.2787734,182.9496606,185.2857125,423200
25-03-2022,184.3588715,185.2573642,183.1577544,185.0871181,404300
28-03-2022,180.594696,183.3090645,178.7788202,183.3090645,607300
29-03-2022,175.2038116,178.9679705,171.2315824,178.9679705,852500
30-03-2022,174.6647186,177.435831,173.0380082,176.7737952,588500
31-03-2022,173.4068451,177.2844914,172.9434128,174.1067053,528400
01-04-2022,174.7498627,176.9156688,172.3003083,174.3904656,385600
04-04-2022,172.3191986,174.9200647,170.7492178,174.7498331,330800
05-04-2022,169.2927551,173.5014269,168.8576948,171.4964,400200
06-04-2022,169.1319885,170.7492465,167.0229262,169.2265568,612600
07-04-2022,168.7725677,169.6521409,166.408144,168.6307081,258400
08-04-2022,169.633255,171.1464923,167.9876105,169.8602449,283000
11-04-2022,173.1136475,176.0928301,170.2385145,170.2385145,422900
12-04-2022,174.3620911,178.9585321,173.208251,174.2675083,389000
13-04-2022,178.9112244,179.3935616,173.5487127,175.7807295,258900
14-04-2022,183.7251892,184.5480185,180.6041612,181.8052782,363400
18-04-2022,183.9900055,186.127454,182.3538282,184.0278444,302400
19-04-2022,187.7447052,188.0662778,183.394174,183.4792898,399600
20-04-2022,189.7497406,190.4685202,186.8556882,188.7661322,367000
21-04-2022,186.5341187,193.8165411,185.2573385,190.5536391,335600
22-04-2022,182.1930389,187.5555504,181.3607571,187.5555504,492500
25-04-2022,180.0556335,182.8645706,173.6338494,179.8002717,504000
26-04-2022,176.6224518,180.2636701,176.348185,179.9610169,417600
27-04-2022,178.9774475,182.779431,176.6319285,178.7410051,477500
28-04-2022,188.3311462,189.3147405,181.4270238,183.2145281,489500
29-04-2022,187.4988098,196.2093536,186.2409346,191.8493554,491500
02-05-2022,187.0921478,188.9080237,182.9874968,187.413706,451600
03-05-2022,193.5233917,194.213814,185.1154997,185.6829672,543300
04-05-2022,199.9640656,200.181603,192.5587021,192.5587021,536600
05-05-2022,186.836792,199.3871589,185.3424743,198.9048072,630400
06-05-2022,186.4868469,187.6690589,180.273148,185.664032,501800
09-05-2022,182.5146332,185.9950732,180.7460485,181.966085,446800
10-05-2022,179.6300201,184.6047777,177.5587968,183.6306361,473900
11-05-2022,177.3412476,183.4603779,177.2277598,179.3935658,539400
12-05-2022,177.0953522,178.6937051,173.8513695,175.7334417,422000
13-05-2022,176.3765717,180.0272428,176.1117573,177.2750499,388500
16-05-2022,175.4497375,178.9207107,174.9579477,176.8778591,361800
17-05-2022,181.4648285,182.4011457,177.0197138,178.4762072,250400
18-05-2022,172.5178223,181.1054113,171.7044599,180.641979,356500
19-05-2022,169.0847015,172.1490005,164.3085618,171.4774977,644800
20-05-2022,168.7820435,171.0235127,164.89493,170.333105,399700
23-05-2022,170.2952728,172.7353601,168.6212566,171.5720676,432800
24-05-2022,169.2454681,169.9358759,165.8123343,168.678015,236800
25-05-2022,176.764328,177.6344487,167.0607373,167.8457278,420500
26-05-2022,189.21698,190.5282714,179.0876491,179.0876491,670000
27-05-2022,194.7662201,195.03228,190.1576562,190.7182959,457900
31-05-2022,184.7223969,194.2055841,184.2377908,194.2055841,1043200
01-06-2022,185.6631165,187.1929682,180.5604498,186.2237417,445300
02-06-2022,187.2119751,189.5495035,185.0834813,187.8201141,253300
03-06-2022,183.867218,187.230984,182.9835221,185.5300998,215600
06-06-2022,186.6608429,187.9531401,183.7436664,185.9006655,242100
07-06-2022,190.6232758,190.7658027,185.0169941,185.169018,301500
08-06-2022,184.7604218,188.5897998,182.6889386,188.3047314,273800
09-06-2022,178.7835541,183.4016153,178.6505241,183.2685853,275400
10-06-2022,177.5102692,178.9926073,174.8211498,174.9446828,295700
13-06-2022,169.822998,173.69989,168.5687031,172.1035159,374700
14-06-2022,167.0958557,172.4360767,166.9248089,169.9560069,519000
15-06-2022,170.8207397,173.1487716,166.7253014,170.0890676,506900
16-06-2022,159.009491,168.7872432,158.3728466,167.8275136,604300
17-06-2022,161.6321411,162.829411,158.4774093,159.2185785,1013900
21-06-2022,161.9647217,165.3665053,161.8316917,165.3665053,453800
22-06-2022,157.76474,159.5416435,156.3109072,157.0520763,490300
23-06-2022,155.3321838,159.3801085,152.3104822,159.25659,503600
24-06-2022,164.1881866,164.463758,156.20636,156.3583984,631900
27-06-2022,165.2809601,166.5447521,162.8484038,165.556517,379200
28-06-2022,164.2452087,167.5519638,163.5895559,167.5519638,347000
29-06-2022,162.3733063,164.235726,159.8742275,164.235726,395100
30-06-2022,161.404068,163.3995321,157.4511567,159.0665248,408600
01-07-2022,162.553833,163.4660344,157.6221983,160.1307737,437100
05-07-2022,161.2900391,161.6701205,154.4104542,157.9262586,481100
06-07-2022,161.1949921,162.6298161,156.9760215,161.4135382,617400
07-07-2022,165.6420288,167.2668937,163.6655734,165.1764167,418600
08-07-2022,163.9791565,166.3736958,163.4185168,166.3736958,325800
11-07-2022,164.6157837,166.4402006,162.2592324,162.5157954,374900
12-07-2022,164.5018005,168.3596848,163.979192,163.979192,408300
13-07-2022,166.8583069,167.1243668,161.6416042,161.6416042,395800
14-07-2022,165.9935913,166.5162141,161.641591,162.1927192,383400
15-07-2022,167.6755219,168.2456441,165.0149078,167.7325326,242400
18-07-2022,166.6112518,172.0655094,165.955599,169.6994609,293300
19-07-2022,171.4953918,172.0465202,165.575536,166.1171674,346800
20-07-2022,170.6686859,171.3528442,168.0080721,170.9062405,303100
21-07-2022,174.5265961,174.792656,169.3859115,171.058305,391200
22-07-2022,171.7329407,176.6645757,169.9275318,175.6288413,339000
25-07-2022,175.980423,176.5505597,172.8732051,173.5288581,272000
26-07-2022,175.0016632,175.790346,171.9324628,174.8686333,307800
27-07-2022,177.4247284,177.9188459,171.8564496,175.3627568,387500
28-07-2022,177.0541534,179.5342234,171.4098552,172.322071,623500
29-07-2022,180.7790222,181.2541313,176.5790593,178.6410312,469500
01-08-2022,181.6531982,182.7554548,178.7645415,179.2016337,470000
02-08-2022,177.1587067,182.2043636,175.8569122,182.2043636,374500
03-08-2022,172.2650604,178.1374168,171.9134843,178.1374168,493500
04-08-2022,176.3984985,177.643282,171.077271,172.2745552,357000
05-08-2022,179.2206573,180.7410123,175.1537246,175.1537246,251400
08-08-2022,178.5555115,183.8197141,174.1750048,180.7790187,552800
09-08-2022,180.5984497,181.2826079,178.6030004,179.6862485,273400
10-08-2022,184.2758179,185.14052,181.5391992,182.4419036,274800
11-08-2022,184.4088287,189.0838999,184.3613149,184.9979593,270700
12-08-2022,187.3830109,187.8771283,183.4301,185.0644763,208300
15-08-2022,186.2902832,186.5658401,183.202074,184.7604313,201500
16-08-2022,187.6015778,188.9603974,187.0314555,187.3830316,200100
17-08-2022,185.1025085,186.0622237,184.1332819,185.606123,159200
18-08-2022,186.2049561,187.7417107,185.5177109,185.9758695,201300
19-08-2022,182.9596405,185.6990817,182.2342214,185.2886367,302400
22-08-2022,179.723877,182.1101413,178.6452954,180.6688429,220100
23-08-2022,181.3942719,185.155027,180.6879469,180.6879469,284300
24-08-2022,181.3369904,181.8715112,179.4375333,180.0484164,326000
25-08-2022,187.0926514,187.293104,182.2724094,182.2724094,268700
26-08-2022,185.7468262,188.9921399,184.8782224,187.6844717,214700
29-08-2022,186.8922272,189.9180086,184.057344,184.4677744,338100
30-08-2022,180.9265442,187.1117366,179.8384084,187.1117366,333100
31-08-2022,179.4279633,180.8310877,176.822167,180.8310877,503900
01-09-2022,174.9036407,177.1849089,172.918267,177.1849089,368600
02-09-2022,175.5526886,180.5065756,174.5027411,178.0725831,291500
06-09-2022,176.1062927,178.4161947,174.6459002,176.4117415,561500
07-09-2022,179.7715607,180.2679076,172.7654939,174.6840447,270700
08-09-2022,181.6901703,182.2819592,177.0512719,178.5021101,373800
09-09-2022,188.2093964,188.4384829,183.6659552,183.6659552,322500
12-09-2022,184.7350159,189.6507287,184.3532194,189.2880119,338400
13-09-2022,179.4470673,183.1600938,179.227535,180.6879276,312600
14-09-2022,169.9974518,177.3566817,167.8402598,177.3566817,655900
15-09-2022,170.0165253,172.7464117,169.3292801,170.6560422,525000
16-09-2022,167.4775696,169.7397433,165.2917435,168.6038793,1495000
19-09-2022,173.3191376,174.1209188,165.5780962,165.5780962,558300
20-09-2022,171.2669678,172.1832997,169.1002501,170.8279033,424200
21-09-2022,169.7397156,174.3977071,169.7397156,173.710462,347200
22-09-2022,167.1530609,172.1833109,166.7903586,171.5246995,353300
23-09-2022,163.2109222,163.9554355,160.6242056,163.9554355,432700
26-09-2022,161.3305359,164.022234,160.5955625,161.9604985,376200
27-09-2022,164.7571869,166.0457751,162.6859118,163.7072251,406500
28-09-2022,168.6134186,170.0929053,164.0890711,164.3945053,580500
29-09-2022,166.437149,168.3175264,165.3681074,168.3175264,447100
30-09-2022,166.4753418,169.978376,165.4158399,166.1221648,498000
03-10-2022,173.8059082,175.2567607,169.5297275,169.5297275,501900
04-10-2022,180.9838104,181.241531,174.8558861,175.5049429,399700
05-10-2022,179.4184265,180.1820339,177.4998754,178.7598153,360900
06-10-2022,173.605484,176.5930766,172.4887142,174.741348,688900
07-10-2022,170.1596985,173.4527395,169.9210721,172.7654944,449600
10-10-2022,174.5695343,176.3735494,171.6201154,171.6201154,410100
11-10-2022,174.846344,176.7744496,171.5055741,171.5055741,511400
12-10-2022,173.1377869,176.9367154,172.3264512,175.0467982,357500
13-10-2022,178.5307465,179.819335,169.4152283,170.0929192,460900
14-10-2022,173.4718475,180.3633789,172.8323306,179.1129644,395900
17-10-2022,175.1231537,179.0939007,174.5409047,177.0226252,443400
18-10-2022,176.2208099,179.8288397,174.8176856,177.0226057,350300
19-10-2022,172.4600525,177.2803083,171.7728219,176.4403534,383100
20-10-2022,172.0591736,176.2590069,169.882902,171.8587356,571800
21-10-2022,177.5093994,178.9316179,171.6010077,172.7750454,412900
24-10-2022,179.1511536,180.0674708,174.9990485,176.5835312,400900
25-10-2022,181.9764862,181.9860406,176.0490146,176.0585544,680400
26-10-2022,185.2981873,187.6558174,181.7092367,184.2768592,539500
27-10-2022,190.8056488,190.9297392,180.9456195,184.8877175,789100
28-10-2022,190.4524689,194.2704906,186.5103568,190.7865516,533500
31-10-2022,192.3138123,192.9915177,189.3166648,189.7748381,403300
01-11-2022,195.7404785,196.2749993,191.95109,196.1318148,455200
02-11-2022,189.8797913,196.036364,189.7175271,194.6427794,382200
03-11-2022,190.4334412,193.1537884,187.1117652,187.5985579,304700
04-11-2022,193.392395,196.7522591,191.4070215,196.2177382,410900
07-11-2022,194.1655273,195.9409083,192.4665085,195.0245911,334100
08-11-2022,196.4086304,198.1171891,193.8982759,195.5304869,355300
09-11-2022,191.8747406,196.6281749,190.9393145,194.8146199,304100
10-11-2022,198.0217133,198.699404,194.9863783,197.8498947,324700
11-11-2022,185.2218323,195.6736667,182.7401117,195.6736667,806400
14-11-2022,192.1228943,195.0532336,184.0477847,184.4773093,726100
15-11-2022,193.9078217,195.3014063,191.3592933,193.9078217,429200
16-11-2022,193.46875,194.9768707,191.893807,192.1324334,247800
17-11-2022,196.8192291,196.9917927,190.4058974,191.3070252,364400
18-11-2022,197.432724,198.4297219,193.9816145,198.1613028,339100
21-11-2022,199.7239075,200.9413896,195.5729768,196.4549276,347100
22-11-2022,204.1144867,204.5458736,201.1906195,202.0725702,408900
23-11-2022,202.8299255,206.2043569,202.8203444,203.8077466,263900
25-11-2022,202.9928894,204.8910006,201.8616964,203.4242763,94400
28-11-2022,199.2829285,203.4626171,199.2637515,200.8838623,260700
29-11-2022,200.5867004,204.2583092,200.1073784,200.6154586,239300
30-11-2022,202.5518951,202.5518951,196.8288036,200.9893153,403000
01-12-2022,203.0120544,204.2103595,200.7592351,203.2325385,263700
02-12-2022,204.3829346,207.7957055,201.5836953,201.976743,520100
05-12-2022,200.0977631,202.9161788,198.6693928,202.4847919,278200
06-12-2022,199.8677063,202.5327356,198.3051118,200.8646897,387700
07-12-2022,200.0977631,201.487794,198.5160063,199.1007797,344400
08-12-2022,200.4045258,203.3859091,199.5609144,203.2325226,221800
09-12-2022,194.6526642,200.4237051,194.3171329,199.5800937,336300
12-12-2022,196.2440186,196.589131,192.1601858,195.390826,305700
13-12-2022,196.2152557,200.3470239,195.0840628,199.8293479,515100
14-12-2022,195.5921326,198.8323539,193.1092481,197.9983237,395900
15-12-2022,191.8821869,193.2530408,187.9996758,193.2530408,461600
16-12-2022,192.8504028,194.6909975,189.2171487,189.8019221,1822700
19-12-2022,191.9205322,195.5538013,190.9906463,193.6652714,433700
20-12-2022,194.3171539,197.595715,192.8791878,193.5310734,408300
21-12-2022,196.7042084,198.8611579,195.5154843,197.4998848,340500
22-12-2022,194.4801025,197.4806629,190.9235415,197.4806629,227400
23-12-2022,195.9947815,196.7616997,194.3171543,195.4387662,208900
27-12-2022,197.4135437,198.7460728,195.6688193,197.2026555,107800
28-12-2022,193.2722321,198.3242904,193.0613292,198.2475971,172400
29-12-2022,194.460968,195.0649039,192.9463085,194.3075814,166500
30-12-2022,194.0679016,194.3075626,192.5436611,193.5023051,186700
03-01-2023,193.0613251,195.7455313,191.2590696,194.8731617,288300
04-01-2023,196.7042084,197.6149175,191.9013915,191.9685036,346100
05-01-2023,198.4201355,198.6214572,194.5376243,196.6178947,320700
06-01-2023,199.5321503,204.306193,199.1678609,201.1330839,388600
09-01-2023,197.1835175,201.6603839,196.0810679,200.7880142,309900
10-01-2023,201.0372467,201.2577307,195.7167694,198.2955242,270800
11-01-2023,201.852066,202.791533,199.1199396,201.9575175,305200
12-01-2023,204.3637085,204.8526263,201.631582,204.1719826,287400
13-01-2023,207.8340302,208.2941752,202.7052787,204.2774543,323300
17-01-2023,205.1690063,209.6938075,204.5267166,208.2462456,447000
18-01-2023,201.9766846,208.5817404,201.8520562,206.6260987,320000
19-01-2023,203.1174774,203.7789441,199.4362737,201.6411576,429800
20-01-2023,206.7507782,206.7987133,200.0306881,204.0378135,281900
23-01-2023,207.3642883,208.7830774,206.0797088,206.4439983,295500
24-01-2023,206.8657837,209.4349572,205.4949298,208.3133455,350300
25-01-2023,211.7165375,212.3588272,205.820868,207.1821407,340600
26-01-2023,218.4270477,219.1939513,211.3522501,213.0682165,340600
27-01-2023,217.3150177,222.1657542,215.0717942,218.7146298,325500
30-01-2023,213.0586548,219.136455,212.7614774,216.8261191,313900
31-01-2023,218.0436249,218.2065926,211.8316144,212.3492759,329000
01-02-2023,221.743927,223.2873443,214.7650003,216.6247719,290900
02-02-2023,225.4634857,225.8085981,221.1016526,223.5461977,535200
03-02-2023,225.8469696,229.2214011,222.923102,225.7223558,502800
06-02-2023,223.8721466,226.7480788,222.4533575,225.0033542,328300
07-02-2023,222.9710236,225.4059877,220.4977201,223.0860708,522900
08-02-2023,221.7631226,225.4059728,221.4563495,221.5426385,279300
09-02-2023,217.650528,223.7666814,216.931545,223.24902,345700
10-02-2023,218.6187897,219.4048702,215.9729226,216.8932274,301700
13-02-2023,221.4180145,221.5138848,215.829118,217.9285508,438500
14-02-2023,224.5719452,225.281347,220.1142563,221.2838032,445100
15-02-2023,223.7858887,224.102243,218.4462338,222.6067605,487200
16-02-2023,233.0463715,234.9253056,224.1597371,230.9756968,745500
17-02-2023,237.6478577,238.4818879,233.4777648,233.8899747,773400
21-02-2023,231.9247589,238.3956066,230.9661148,236.8234308,606000
22-02-2023,234.4651489,237.3794202,231.2728627,231.3399748,641400
23-02-2023,233.075119,236.670034,231.2441055,233.9954091,540700
24-02-2023,234.9636536,235.0786862,228.9817097,230.4676108,608100
27-02-2023,234.7335663,240.5908816,233.3243585,236.8905152,776500
28-02-2023,237.590332,239.7472811,232.5191116,235.1457868,4348300
01-03-2023,242.4602661,243.6202319,239.4884782,239.9869626,571700
02-03-2023,249.4104309,249.4295933,239.6610082,241.2140069,815200
03-03-2023,252.5835876,253.4847155,247.4739976,250.3211721,809000
06-03-2023,247.16716,252.1233622,245.6141615,249.6979941,712200
07-03-2023,248.3847046,249.295399,246.3811418,247.7519959,633200
08-03-2023,248.8448181,249.774704,245.163643,249.3624941,548900
09-03-2023,244.4949951,249.0180585,243.3497946,248.8255764,504300
10-03-2023,240.2317657,246.0636124,239.6158615,246.0636124,804200
13-03-2023,239.3271332,242.1660664,236.9597427,238.4898923,639800
14-03-2023,242.0121307,246.6602899,239.2309357,243.4845272,834300
15-03-2023,232.8986359,236.5267044,228.7412858,235.0831775,810500
16-03-2023,236.6999359,237.8355034,228.3755882,228.7605376,664100
17-03-2023,231.4262695,237.11377,230.6852695,236.6903331,1586300
20-03-2023,237.4217072,240.9054143,233.3317139,234.8714673,553900
21-03-2023,241.1075134,243.8406026,238.9422228,242.0409955,474400
22-03-2023,238.1915588,243.1765461,238.0375938,240.2221206,338700
23-03-2023,240.6744385,244.3313764,237.7296458,239.5773586,409700
24-03-2023,242.6761475,243.8502173,234.9195976,236.9597779,406100
27-03-2023,246.5351563,247.8054671,244.0907903,244.7740662,347600
28-03-2023,246.6121521,248.4598501,245.5054393,246.1213435,349900
29-03-2023,242.964859,249.0565304,241.9062666,249.0565304,544900
30-03-2023,241.453949,245.9866303,240.4723612,244.8510481,466400
31-03-2023,247.0740662,247.4205279,241.6175507,243.2439121,544200
03-04-2023,247.1606598,247.7958151,244.3409777,246.6217454,330100
04-04-2023,237.546814,247.0740869,236.0359299,246.6602828,425600
05-04-2023,234.7848816,237.9895136,232.0421741,235.0543388,496100
06-04-2023,232.7350311,234.0726988,229.6458917,232.8024028,298800
10-04-2023,236.6903076,238.7786082,231.9266715,231.9266715,369200
11-04-2023,239.9911804,241.7811545,239.1635577,239.4618842,273600
12-04-2023,236.9020386,240.3280072,236.5171039,240.154791,430400
13-04-2023,235.5162659,237.7681794,232.6965832,237.7681794,519300
14-04-2023,236.2861176,236.5074542,233.100737,234.3325456,577100
17-04-2023,238.5187988,238.595774,234.5154135,236.8635533,550800
18-04-2023,243.9849701,244.3314172,237.2100221,238.8556349,308100
19-04-2023,239.0865631,243.6288625,237.3543278,243.6288625,481300
20-04-2023,240.1066742,244.061939,238.2782124,238.2782124,327900
21-04-2023,240.2028961,240.8669062,236.430466,239.5292384,320200
24-04-2023,240.501236,242.6087878,239.2597945,239.3752866,255500
25-04-2023,231.6379852,237.6238123,230.9643422,236.7673201,590000
26-04-2023,231.2722931,233.9668652,230.0212333,233.9668652,607500
27-04-2023,246.8334808,247.3820281,226.0659523,232.7061705,554300
28-04-2023,238.4706726,244.9280421,235.7279653,242.9167312,547100
01-05-2023,236.8924103,240.8572931,235.410381,239.7505949,279300
02-05-2023,238.3263092,238.6631381,232.8024218,235.2179184,257300
03-05-2023,237.1233673,241.7234056,236.3919856,238.3166883,439200
04-05-2023,230.5986328,237.1426251,228.8471609,235.3333998,397400
05-05-2023,234.3902893,239.1443073,233.1873501,233.7551339,273000
08-05-2023,231.6668549,237.0271594,229.9538705,236.6903305,317000
09-05-2023,234.0245972,236.3342492,229.8768651,230.8969552,381800
10-05-2023,231.589859,236.9982839,228.9915132,236.7480631,260500
11-05-2023,230.3772888,232.0421525,227.8751694,227.8751694,193200
12-05-2023,232.1383972,233.8513815,230.9835785,231.8593071,155600
15-05-2023,232.5521698,233.8513498,231.0605371,232.407823,237300
16-05-2023,231.2722931,233.1392425,229.3572085,231.3300318,332900
17-05-2023,234.4384155,235.3718975,232.5137128,234.5250236,257600
18-05-2023,237.546814,237.7970347,232.5137203,233.6781719,202900
19-05-2023,234.8426056,239.2597949,234.5731484,239.2597949,190100
22-05-2023,236.1899109,237.7970507,235.2756799,236.4978704,190400
23-05-2023,234.6885986,235.6028441,229.3379279,233.9187294,264900
24-05-2023,226.797348,233.8802548,225.6617804,233.8802548,508400
25-05-2023,228.7882233,230.6728021,224.5551727,226.0821542,305700
26-05-2023,231.6682587,233.3305429,227.6478141,230.5858222,426800
30-05-2023,224.332901,231.1270594,224.0622955,230.0446376,383000
31-05-2023,226.8069916,227.1066041,221.4335198,222.8542057,1813200
01-06-2023,224.4198761,227.8604436,223.6467114,226.6427044,422400
02-06-2023,233.5818176,234.1423616,228.5465955,228.5465955,388100
05-06-2023,231.3589935,232.7990126,226.6910276,232.1804838,246900
06-06-2023,236.8774414,237.1480468,230.5858281,231.2913488,288900
07-06-2023,240.8108978,241.4100935,234.8478894,236.7807938,336200
08-06-2023,239.0519562,243.1400448,236.8774387,241.7676845,404500
09-06-2023,238.3464508,239.6125009,236.6938257,238.607397,367200
12-06-2023,243.2753296,244.7056746,237.0320424,237.563594,367200
13-06-2023,249.8375702,251.0842723,244.7830145,244.7830145,497600
14-06-2023,246.3003693,253.113846,245.333917,252.079735,355000
15-06-2023,247.3151245,247.7113735,244.2224803,244.6283884,292900
16-06-2023,247.4794312,247.5470899,244.0678412,246.9768719,809300
20-06-2023,243.9615173,245.3822032,242.347544,245.3822032,292600
21-06-2023,247.2184906,248.4941999,242.2122602,243.4299995,258400
22-06-2023,246.9962006,247.4021087,243.8552309,247.3054576,166800
23-06-2023,249.5959473,250.4464299,244.9183075,245.2275793,547500
26-06-2023,250.0405273,252.8625809,249.5766196,249.9438762,228300
27-06-2023,256.6123657,256.7476832,250.3111083,250.5720398,243700
28-06-2023,256.3031616,258.2360662,253.6067514,254.6794993,352900
29-06-2023,261.7249451,262.2468376,256.3611466,256.6413965,256300
30-06-2023,262.4787598,263.1166218,259.1831541,263.068311,283600
03-07-2023,263.0296631,265.1848623,261.8505901,261.8505901,134700
05-07-2023,261.3383484,265.1654909,259.4634287,259.6953678,344200
06-07-2023,264.1120605,264.5566203,258.3520136,260.0626234,398200
07-07-2023,266.489502,269.5145019,263.4645021,264.0830456,305700
10-07-2023,270.0171204,272.5975315,264.9335719,265.1365186,340400
11-07-2023,272.8101196,273.1483838,270.4809663,270.4906403,182300
12-07-2023,273.8152466,277.1784814,273.0227487,274.7623509,258400
13-07-2023,273.6219788,276.0960944,273.5253276,274.4821355,225800
14-07-2023,272.9647827,273.921561,268.6930507,273.921561,219900
17-07-2023,275.8061218,276.3763251,271.8726545,274.2694664,183600
18-07-2023,279.2273865,279.3530005,275.5548504,275.5548504,155200
19-07-2023,275.5065308,276.9852014,273.0904003,276.7918992,217700
20-07-2023,276.2409973,278.2995451,274.4047442,277.4007517,236500
21-07-2023,276.4536438,277.5457395,274.7720264,277.3138004,147400
24-07-2023,277.7680359,280.0102121,277.2654914,277.5747336,177000
25-07-2023,283.0737915,283.199435,277.110799,277.110799,232500
26-07-2023,280.6963501,282.7838902,278.3478786,280.9282892,284300
27-07-2023,271.1768188,279.9618658,264.8079024,277.2751299,522600
28-07-2023,279.95224,280.3774519,268.7800247,271.3894576,256100
31-07-2023,283.0351563,285.093704,280.8413205,280.8413205,270400
01-08-2023,283.2381592,286.0505387,279.7202589,279.7202589,207600
02-08-2023,275.4775391,282.1943641,274.346777,279.3336738,296200
03-08-2023,278.4638977,281.227937,274.0375298,274.0375298,273700
04-08-2023,273.8152466,279.7589218,273.5059748,278.1546076,219900
07-08-2023,274.8203735,277.4201327,273.0034679,274.6560932,259400
08-08-2023,274.8300476,276.3377109,270.9835862,272.8198397,195000
09-08-2023,272.355896,276.173394,270.9835504,276.173394,250800
10-08-2023,270.394043,274.1052165,268.5674633,273.5060208,158400
11-08-2023,272.6652222,272.7618733,268.9250561,270.0557889,201000
14-08-2023,275.2649536,275.4872188,268.3451515,273.5060033,256400
15-08-2023,270.4422913,274.5207205,270.0074055,273.6702674,136900
16-08-2023,271.6793823,275.8738111,269.7078409,270.2683703,159500
17-08-2023,270.0305176,274.8897378,268.711435,273.6385555,165200
18-08-2023,270.0887451,270.6027922,267.4506092,268.6629873,213100
21-08-2023,268.6435852,271.5629714,266.3448916,270.2924016,175100
22-08-2023,268.8569946,271.0198583,268.595102,269.574713,179400
23-08-2023,266.0830078,268.1877089,265.3652895,268.0713254,245400
24-08-2023,266.383728,268.090766,262.882394,263.5710166,209400
25-08-2023,267.4408875,268.8278704,265.5495955,267.1014453,156500
28-08-2023,269.2643127,271.941253,266.6843687,267.421504,134200
29-08-2023,277.2757263,277.780065,269.2740308,269.2740308,190800
30-08-2023,275.9178772,280.7964856,275.6656931,277.3242181,240100
31-08-2023,276.3833618,276.88773,274.2107901,275.9178276,542600
01-09-2023,276.9362488,279.7198641,276.2864011,279.6228679,221500
05-09-2023,262.6883545,275.4716606,260.6418747,275.4716606,428900
06-09-2023,260.894043,266.1412186,260.5546008,262.2713174,249800
07-09-2023,264.6669617,265.1907172,258.294696,259.3906904,335400
08-09-2023,262.0675964,264.9191114,261.3983615,264.880307,231200
11-09-2023,254.0174255,261.8736407,253.3676075,260.8455465,431800
12-09-2023,258.4305725,260.0211975,253.1057868,253.1057868,320600
13-09-2023,254.9873352,258.5662774,253.7749572,257.6642753,290100
14-09-2023,257.9067383,260.0114098,256.5294639,257.7709377,384100
15-09-2023,253.1736298,257.606091,251.6411969,256.1027244,842600
18-09-2023,255.7147827,258.9930578,253.6488857,253.6488857,208300
19-09-2023,260.3508911,261.592365,256.3355106,256.3355106,378100
20-09-2023,257.3442078,264.8027601,257.286016,261.3402308,297300
21-09-2023,254.686676,257.1502365,253.7458695,255.8408623,229200
22-09-2023,254.1435699,257.8098005,253.7265189,255.2492731,207500
25-09-2023,256.1415405,256.9368677,252.6207898,253.8622638,127100
26-09-2023,252.3492279,256.791398,252.1455567,256.1415503,222500
27-09-2023,255.2880249,256.2579274,252.4559262,254.735203,242300
28-09-2023,254.4635925,256.5585854,253.668295,255.3171114,318100
29-09-2023,254.3375092,256.1997051,252.7856594,256.1997051,357100
02-10-2023,252.1746521,255.3656396,250.0408547,253.31913,323400
03-10-2023,247.5094147,251.0786487,243.7073988,249.6625993,469400
04-10-2023,249.8662567,251.0010556,247.0729478,247.0729478,350600
05-10-2023,250.6615906,252.0582525,248.8090734,248.8090734,338100
06-10-2023,252.9311981,254.8128115,250.3706707,250.8264965,317700
09-10-2023,254.5800323,254.822508,251.5345241,251.8060957,219300
10-10-2023,256.4325562,259.5459351,255.6275204,255.743904,136300
11-10-2023,255.326828,258.7505826,252.84388,256.849582,154400
12-10-2023,250.2736511,254.4830245,248.3920379,254.4830245,319300
13-10-2023,248.1980438,253.6585996,247.8100887,249.7789896,352100
16-10-2023,251.2822876,252.7468496,248.8478528,250.6809529,262200
17-10-2023,253.9107361,255.4916816,247.8100422,247.8100422,468400
18-10-2023,246.1418304,252.3491999,246.1224283,251.6993819,298100
19-10-2023,242.7666016,248.265947,242.0682706,245.7926927,331000
20-10-2023,238.3147583,244.6191248,238.0722827,241.7869964,350100
23-10-2023,237.1993408,239.2264334,235.4535135,236.753194,326300
24-10-2023,239.565918,242.5241236,239.3525382,241.0595613,435000
25-10-2023,239.7308197,241.7288167,239.4592482,239.4592482,405400
26-10-2023,239.7889862,244.6384986,230.0026737,233.2227571,702300
27-10-2023,240.8655701,243.1157508,239.0615509,240.555209,513600
30-10-2023,245.0555725,245.8702871,241.786991,242.9314836,264000
31-10-2023,246.7237854,248.0913366,243.8916721,245.1816293,344800
01-11-2023,254.1629333,254.8515854,246.0836587,246.7528938,456300
02-11-2023,257.0629272,257.9649293,255.7632616,256.3160835,427100
03-11-2023,257.1211243,261.8833485,256.6846564,259.1191208,305600
06-11-2023,257.8776855,259.0512593,256.888366,258.1395486,319300
07-11-2023,257.4217834,259.109404,256.6943567,257.3635917,323500
08-11-2023,257.0241394,257.9843333,254.3181034,256.9562391,363900
09-11-2023,256.5101013,258.4983895,256.4519095,258.4983895,233200
10-11-2023,259.1676025,259.458591,256.4421793,257.3345025,128400
13-11-2023,259.5459595,260.1666818,258.0620096,259.1385873,131000
14-11-2023,264.6572876,266.2091375,262.3877193,262.3877193,200600
15-11-2023,264.531189,267.6736931,263.8134706,264.7833731,239500
16-11-2023,264.6286011,264.8622248,260.8904725,264.4046918,211100
17-11-2023,265.1932068,267.7534127,265.1055682,266.1179872,242800
20-11-2023,262.6816101,265.2223868,262.3603775,264.6967037,228000
21-11-2023,260.3355103,263.8789612,260.1700367,262.5453099,241300
22-11-2023,260.7054749,261.9417733,258.6514637,260.7541366,199700
24-11-2023,260.8904114,261.3868914,259.6735718,260.7930583,81300
27-11-2023,264.3559875,264.4630849,258.8364193,260.5302507,314700
28-11-2023,262.0877686,265.1444539,260.588614,263.5576905,355600
29-11-2023,263.080719,264.4143704,262.5161185,262.8762983,297000
30-11-2023,267.9578552,268.2304261,262.8568428,264.0152766,870100
01-12-2023,271.5109863,272.8932995,268.2790533,269.0675629,287700
04-12-2023,270.1676025,273.3411298,269.2427925,269.9631818,270900
05-12-2023,262.5161133,269.1357086,262.1461893,269.1357086,293500
06-12-2023,259.9656067,264.005538,258.3593843,262.185121,272600
07-12-2023,260.5302124,260.5302124,257.6584593,259.9169205,178400
08-12-2023,257.6195679,261.8638903,257.5027263,259.8098792,173200
11-12-2023,262.7887268,262.9639446,254.8257048,257.6293084,292700
12-12-2023,259.040863,262.8373973,258.5346387,262.8373973,230100
13-12-2023,261.7860413,262.0780709,256.8018408,259.0116408,371800
14-12-2023,262.7108154,265.8745986,261.2311491,263.859505,389000
15-12-2023,263.3435669,267.9383547,262.2532833,262.9931313,637400
18-12-2023,265.8843384,270.3428258,265.777241,267.3250575,265800
19-12-2023,269.7781982,270.3038812,266.0205823,266.6922801,262100
20-12-2023,266.5560303,271.9977336,266.5365418,268.2011998,216000
21-12-2023,271.6083374,272.4163058,267.7047065,268.0940893,266300
22-12-2023,275.1809692,276.7482741,271.5986006,272.7667785,227900
26-12-2023,275.2491455,276.4757295,274.1296589,275.0155218,103500
27-12-2023,275.4049072,276.7872205,274.6650592,274.7721565,112300
28-12-2023,273.7889099,275.2101702,273.0004002,274.9960053,105200
29-12-2023,272.2605896,274.6164045,271.1021558,273.6818798,188600
02-01-2024,273.9641418,274.9960195,270.8003587,271.3747035,184300
03-01-2024,271.7251282,274.772099,271.1118363,271.9587518,185200
04-01-2024,268.2985229,274.1783004,267.9383432,272.416319,217300
05-01-2024,270.2747192,271.0729435,266.6144558,266.8578238,352800
08-01-2024,276.8164368,277.3031727,267.2764247,270.6154259,236800
09-01-2024,270.1286621,275.0933739,269.4764527,275.0933739,190600
10-01-2024,269.6516724,270.3915204,267.7144731,269.2233424,189300
11-01-2024,273.3703613,273.4677145,269.0676028,270.1286836,229900
12-01-2024,274.4898376,275.3270091,271.3747161,274.2756727,133800
16-01-2024,271.1994934,274.012841,271.1994934,273.6234286,243800
17-01-2024,271.4526367,272.6597323,267.7047641,268.6392888,130100
18-01-2024,272.8543701,274.0420067,271.7932896,273.2242941,166800
19-01-2024,271.4428406,273.4676783,269.3596266,273.4676783,164700
22-01-2024,275.8526611,275.8818641,270.7516791,271.0826559,231700
23-01-2024,274.1101685,279.0846247,273.3216587,277.439455,212300
24-01-2024,273.526123,276.4952002,272.5915687,275.5995931,163900
25-01-2024,272.9711914,276.2907333,272.5720645,274.0225277,171400
26-01-2024,273.8278503,276.1933793,272.1339895,273.8959708,131200
29-01-2024,277.2837219,277.3616163,272.4358214,274.2854417,165600
30-01-2024,283.0368958,283.3289254,275.6579934,275.6579934,153000
31-01-2024,277.8483276,283.7183613,276.3004814,283.4652491,299900
01-02-2024,281.9174194,282.9492971,278.3155621,278.7925835,213900
02-02-2024,282.4431458,284.4874129,279.1236031,281.4307267,172000
05-02-2024,280.9829102,281.528052,277.5757589,280.1067618,128100
06-02-2024,283.6599426,283.9519723,279.921785,280.8660538,149900
07-02-2024,290.3476868,290.6786636,284.1661354,284.9643893,201100
08-02-2024,289.5397034,290.629987,288.9848173,289.8025598,187800
09-02-2024,291.6618042,291.7981045,289.7051465,290.5910092,205200
12-02-2024,290.552124,294.8548824,290.1919442,292.0415347,246600
13-02-2024,281.4014893,286.8626516,278.6562918,285.3050908,255500
14-02-2024,286.8334351,287.4369828,280.9147401,282.9979541,290900
15-02-2024,323.5235901,323.8351082,309.7003094,311.3941407,600600
16-02-2024,317.7703552,324.4873039,317.7411523,322.6085107,395100
20-02-2024,309.1454468,317.1765891,308.9020788,314.7818271,423500
21-02-2024,307.8798828,310.5666742,305.1055122,309.5834583,310000
22-02-2024,310.8294983,311.7056466,307.8798803,307.8798803,215100
23-02-2024,315.521698,316.4951699,310.7224888,312.1924408,226200
26-02-2024,316.9526672,319.1137757,313.8764929,314.3243113,177800
27-02-2024,314.3339844,317.7216764,313.555219,316.4172279,255000
28-02-2024,312.9321899,315.5605753,309.7294896,311.9976655,249300
29-02-2024,312.6986084,313.818095,309.3985248,313.263209,744800
01-03-2024,311.6861572,316.3296362,311.3941276,314.3924073,258500
04-03-2024,313.2340088,316.5438367,312.2702812,313.5357827,250900
05-03-2024,311.7640381,313.9640638,309.8462978,311.4427758,185400
06-03-2024,313.7207031,316.4561561,311.471986,316.4561561,193400
07-03-2024,314.5119629,317.5107342,312.108999,315.8794851,253600
08-03-2024,312.3825073,317.3153949,310.8293896,316.0455294,311200
11-03-2024,310.5656433,311.1419552,305.5741501,310.4581792,193600
12-03-2024,313.7304688,314.0332762,309.4032264,311.210323,176700
13-03-2024,316.5534363,316.6999512,311.2298332,313.9942101,310600
14-03-2024,311.8452454,317.1395458,306.9221359,316.3678609,315300
15-03-2024,313.2030334,315.1566451,309.6279206,309.6279206,1078100
18-03-2024,313.2713623,316.670657,312.6169191,316.416678,203100
19-03-2024,317.539978,318.7414597,313.9453403,313.9453403,323900
20-03-2024,319.3471069,321.0467693,317.0711626,318.9368652,162300
21-03-2024,324.1530151,324.7684076,318.8782697,322.043111,166600
22-03-2024,322.7659607,325.1200664,320.9393385,324.3093307,207400
25-03-2024,323.8404236,328.3337362,323.801343,324.5241996,211400
26-03-2024,323.6939087,326.9173559,321.4765405,324.6218563,203100
27-03-2024,329.0858765,329.2909973,325.5693695,325.9601157,170400
28-03-2024,326.4289551,329.20308,325.4912299,328.802586,227900
01-04-2024,325.4131165,327.6206774,322.5999108,327.6206774,167700
02-04-2024,325.3544922,326.8099532,321.2030672,324.15304,268000
03-04-2024,330.6585693,330.9906798,324.9833295,324.9833295,215800
04-04-2024,328.4802246,333.6670606,327.5815502,332.3776699,168300
05-04-2024,332.1530762,332.1726016,327.0345931,328.4607512,182900
08-04-2024,329.2617188,334.26299,327.2006726,334.1457482,234800
09-04-2024,328.1579285,333.9601574,325.5205408,331.4204563,193900
10-04-2024,324.3093262,327.0052901,322.5510577,323.6450755,189800
11-04-2024,323.0785217,324.8465379,320.8123251,323.4399351,194500
12-04-2024,317.9796143,322.2971093,317.3446964,321.6524139,182000
15-04-2024,317.6865845,322.7952601,315.899013,322.2678064,175800
16-04-2024,315.3910828,316.3678886,311.9820398,315.5864261,160600
17-04-2024,314.6486511,319.2787007,314.5705198,319.2298723,145800
18-04-2024,312.7341919,316.5925575,310.6047621,316.5828097,147700
19-04-2024,312.0796509,315.3421784,307.6938027,312.1675598,223900
22-04-2024,312.1285095,314.1798075,308.0649941,311.6694096,159000
23-04-2024,306.6584167,309.7255715,305.1736827,308.6608567,233200
24-04-2024,306.2872314,312.3531873,303.3763394,309.8916473,301000
25-04-2024,285.354248,288.5581695,274.6972945,288.5581695,920200
26-04-2024,283.8792725,291.0881034,283.1759712,283.6546262,488500
29-04-2024,287.1124878,287.6790518,283.5666784,285.2663405,364000
30-04-2024,278.1161804,286.1260008,277.7742924,285.4520024,401900
01-05-2024,279.6692505,284.6216628,274.7949994,277.9598404,387500
02-05-2024,283.9770203,284.5533322,280.4995935,281.9550248,281000
03-05-2024,283.0587463,286.4970916,281.4079424,286.4970916,249200
06-05-2024,285.3835754,287.5032273,282.3554716,285.5984739,298500
07-05-2024,288.5093689,290.4923134,283.781632,283.781632,438100
08-05-2024,286.0184937,290.6974016,285.8133728,287.2004203,275000
09-05-2024,288.6558838,291.9770175,285.8719814,285.8719814,234000
10-05-2024,286.3506165,289.8866487,286.077112,288.8805399,228100
13-05-2024,286.9855347,289.2615089,286.6534243,286.7022824,235800
14-05-2024,283.9085999,288.3726095,282.7071478,287.933035,399800
15-05-2024,289.6815796,290.531396,285.3445586,285.3445586,378800
16-05-2024,291.146759,292.8366439,289.6131666,289.6131666,275800
17-05-2024,291.4495544,292.7584707,289.7108412,291.4007261,356400
20-05-2024,296.2749634,296.8512752,291.088127,292.4068208,331200
21-05-2024,293.578949,296.4019318,291.6058121,295.6107216,241900
22-05-2024,295.2590637,296.9977768,292.5142419,292.5142419,327300
23-05-2024,298.8178406,300.1119408,295.1120298,295.7983033,344400
24-05-2024,297.8374329,300.9746398,297.0825561,300.9746398,329000
28-05-2024,296.2002563,298.6021535,293.0826757,297.6904133,376400
29-05-2024,286.7886353,296.2688594,286.5533552,294.0630192,349300
30-05-2024,292.3081665,293.4257767,286.5631622,287.4455223,360300
31-05-2024,294.8767395,295.4747829,288.072945,292.5728558,687000
03-06-2024,291.3964233,296.1512108,290.5630999,294.8473273,257000
04-06-2024,282.4945984,291.4552259,282.102455,288.9258457,407600
05-06-2024,283.6808472,285.435724,280.8573968,282.4946037,366100
06-06-2024,283.7593079,285.9945582,282.7691211,283.8181279,222600
07-06-2024,281.3279419,285.7494355,280.1809218,281.9455819,342200
10-06-2024,278.9849243,280.6319448,275.4359766,279.5535278,422800
11-06-2024,275.2790833,277.288837,273.896753,277.288837,362400
12-06-2024,275.4162903,278.9848638,274.6221902,277.8966338,310200
13-06-2024,273.9850159,275.592813,271.9654486,274.0732459,393400
14-06-2024,271.6517334,272.9164238,269.0929725,270.7694031,424000
17-06-2024,279.1515198,279.9652465,270.2987489,271.563439,442800
18-06-2024,277.6319885,281.2495693,274.2889111,279.690779,373800
20-06-2024,275.2202454,278.9750625,274.3967353,277.5045023,492400
21-06-2024,276.3673096,278.2104167,273.7105055,275.328116,1526700
24-06-2024,276.5633545,279.3574248,275.8868944,277.4652813,350800
25-06-2024,274.5339661,276.788813,272.9261692,276.7005829,447000
26-06-2024,277.1711731,277.3966698,271.5732493,272.4849894,349400
27-06-2024,275.132019,280.082893,274.455559,277.1613693,467700
28-06-2024,279.9946289,282.8278923,276.9456523,277.6123289,840200
01-07-2024,274.4849548,282.3671354,273.3084948,281.1122587,467900
02-07-2024,277.2888489,277.8966757,273.9457715,274.4849949,395800
03-07-2024,276.700592,279.749569,276.2202186,277.5927355,266600
05-07-2024,275.0045776,276.1515979,272.5438306,274.5045776,642700
08-07-2024,275.1908264,277.0241199,274.8182797,275.3868831,251300
09-07-2024,272.4458008,275.6908348,272.2595274,274.1712678,314600
10-07-2024,278.5730896,279.0338663,272.9849793,272.9849793,301400
11-07-2024,286.6808167,288.0533335,282.3671495,282.3671495,448600
12-07-2024,290.9944763,294.1120569,287.6415857,290.9356563,401800
15-07-2024,294.5434265,298.2492373,293.7296997,293.7296997,354100
16-07-2024,301.5923157,301.9942724,294.5336142,294.5336142,283900
17-07-2024,302.6902771,304.2981038,300.513847,301.8471704,311000
18-07-2024,301.9158325,305.8471401,300.0825388,301.5236891,355100
19-07-2024,298.1511841,304.0628351,297.915904,302.7491382,284800
22-07-2024,296.7590637,298.5335373,293.8865467,298.5335373,348400
23-07-2024,295.2492676,296.0727777,293.3963474,294.6708508,335000
24-07-2024,288.0533447,296.3080727,287.9847114,295.3081025,474000
25-07-2024,302.1020813,308.0039488,286.484739,296.1904304,832000
26-07-2024,298.08255,301.1805339,295.886523,296.0826097,452800
29-07-2024,297.0531921,299.7982262,295.7394951,297.0433788,277700
30-07-2024,296.0727844,299.9844649,294.5826275,298.0335313,308000
31-07-2024,298.5825806,305.1216856,297.6512137,297.8963071,417800
01-08-2024,290.1415405,301.2393455,287.7494269,298.9550885,342800
02-08-2024,281.5828552,285.0925789,278.2495916,283.5337888,402300
05-08-2024,278.4162598,283.808314,269.6027116,271.7007252,648500
06-08-2024,281.4750061,286.1514066,276.7104055,278.7201591,474800
07-08-2024,276.8672791,288.0925375,276.8476824,285.8082804,422700
08-08-2024,279.700531,281.7200979,278.3476408,278.9848775,275900
09-08-2024,277.2692566,280.1123339,275.6516462,280.1123339,358400
12-08-2024,273.3379517,277.2692592,273.0046282,277.2692592,310600
13-08-2024,276.9848938,277.7985906,273.1908536,274.347687,331600
14-08-2024,274.6418457,277.2692395,272.337962,277.2692395,272800
15-08-2024,277.9358521,280.6024688,275.318242,279.0829021,231200
16-08-2024,277.0895081,279.2645646,276.2627901,277.7587516,197500
19-08-2024,275.7608643,279.5106348,275.1900159,277.5323985,206500
20-08-2024,274.6585388,276.715497,273.7825933,276.0068774,238000
21-08-2024,278.8708496,279.294045,274.9734571,277.2075625,230700
22-08-2024,274.786499,279.0185139,273.6841784,279.0185139,288200
23-08-2024,277.6799927,278.742907,274.6191394,276.5579992,274100
26-08-2024,282.1777649,282.5222382,278.6051421,280.3274786,495800
27-08-2024,277.3256836,281.7151725,276.1348194,281.7151725,256000
28-08-2024,273.9696045,276.9221814,273.0739859,276.9221814,321900
29-08-2024,276.1643677,280.4948078,274.0778848,276.0659424,260500
30-08-2024,282.1187134,282.2466632,276.2923119,276.9615554,507100
03-09-2024,268.4778137,279.067702,267.1196236,279.067702,365800
04-09-2024,269.1372375,271.5681939,267.3066542,267.7003251,330500
05-09-2024,267.6609192,269.3439096,265.4071405,269.3439096,433100
06-09-2024,268.379425,270.3674829,266.3224666,267.326332,376500
09-09-2024,268.0644531,272.0110739,267.572357,269.284842,378600
10-09-2024,266.9424744,268.9600565,264.3638654,268.4187627,335800
11-09-2024,267.9167786,268.812397,260.8010588,266.1649178,542800
12-09-2024,269.7080383,270.4068064,266.6964126,269.4718118,323000
13-09-2024,273.5069885,275.573798,270.2591665,271.9322751,281700
16-09-2024,274.8750916,276.312004,272.2276117,274.9735168,263100
17-09-2024,276.1741638,278.4279724,273.4381107,275.7706714,265200
18-09-2024,272.7294922,278.0343027,271.9815265,276.5580143,365100
19-09-2024,281.6167908,282.4631817,275.5049351,278.4968881,370400
20-09-2024,276.6367493,278.4870355,275.5344587,278.2606905,1416800
23-09-2024,279.244873,279.5499702,274.2943873,277.3650623,390300
24-09-2024,284.8449097,286.153872,281.7643834,282.7977731,375200
25-09-2024,282.9158936,284.8547535,280.8786384,284.4414096,365400
26-09-2024,285.4058838,289.0375554,284.7661649,286.7640738,258300
27-09-2024,285.041748,288.1321261,283.4276884,287.3349328,214600
30-09-2024,284.6382141,285.238587,281.4789656,285.238587,276300
01-10-2024,285.3763733,286.4393177,281.0459334,283.3883158,227800
02-10-2024,281.4100952,287.4825749,279.5401359,285.18939,221000
03-10-2024,275.4360352,280.5636985,274.6093173,280.1405031,272800
04-10-2024,276.9320068,280.4751048,276.0462399,279.7074361,227300
07-10-2024,280.1700134,280.3569823,273.2511433,275.5738225,272300
08-10-2024,278.979126,280.4357413,275.5738292,278.3000309,283900
09-10-2024,283.5162354,283.5162354,277.0008882,278.1327032,225800
10-10-2024,281.8923645,282.4631828,279.4220323,280.0518997,274900
11-10-2024,286.350769,286.8526867,280.1306663,282.1384271,274700
14-10-2024,289.0178833,289.3623566,282.620634,284.2937427,248900
15-10-2024,286.2228088,291.3110662,286.1932843,286.8822009,207000
16-10-2024,287.630188,288.8505768,285.8586539,288.043562,157300
17-10-2024,291.6555176,292.944807,288.269894,288.3191216,270000
18-10-2024,292.2263794,293.2991454,289.4804746,293.2991454,179500
21-10-2024,291.6358643,294.0077713,289.6576282,292.6200565,204200
22-10-2024,282.650177,291.4980558,280.9081675,291.4980558,337400
23-10-2024,278.1622925,285.2287864,277.3552475,282.6502073,387700
24-10-2024,289.1556702,293.7124851,282.1580777,284.913804,636400
25-10-2024,279.0578613,289.1556528,278.7724372,288.2502128,368700
28-10-2024,292.8365784,294.8738336,280.9081728,280.9081728,372500
29-10-2024,289.6970215,290.8288367,287.6794092,290.326889,253700
30-10-2024,285.0122375,290.3367214,284.549666,286.7444256,147900
31-10-2024,281.8136292,285.6126272,281.0656334,285.5831026,244600
01-11-2024,282.5517578,283.8410473,279.3137568,282.0793347,235700
04-11-2024,284.4709167,285.4255844,281.0557687,281.7348637,219200
05-11-2024,287.0888672,287.443162,281.085289,282.1679064,294300
06-11-2024,321.1616211,321.7029148,309.8827563,313.002659,698100
07-11-2024,315.9552307,320.8565188,310.0205528,320.5120455,565000
08-11-2024,315.5516968,317.1460833,311.7527293,312.5302195,287500
11-11-2024,318.0712891,319.6952005,313.691651,317.5004707,334900
12-11-2024,314.7545166,316.7229011,311.3295168,315.797758,402800
13-11-2024,307.9734497,314.8332708,307.6486494,314.5675197,228600
14-11-2024,305.0700684,309.4103597,300.9069244,307.4714998,405100
15-11-2024,305.5326233,309.0363451,304.1153841,307.4813346,318600
18-11-2024,305.4243469,306.9203383,303.5248632,305.011003,408700
19-11-2024,304.144928,306.0739364,302.2552657,302.8064409,304800
20-11-2024,308.5737915,309.3513118,303.8595023,305.3554937,378300
21-11-2024,311.4279175,313.2978766,307.5108519,307.5108519,326300
22-11-2024,315.3191833,318.0944086,312.2674242,312.2674242,282200
25-11-2024,319.0820313,320.7807483,315.5364593,316.0302721,562700
26-11-2024,317.9265442,319.1511902,314.93404,317.7882621,205400
27-11-2024,318.5882263,321.9165496,316.978422,318.8746462,252600
29-11-2024,317.264801,321.1758196,316.8993844,320.741262,174000
02-12-2024,315.9907837,320.4350983,315.1315242,319.1511671,409500
03-12-2024,313.3933105,318.3808069,312.8106152,317.630202,211300
04-12-2024,306.9737854,311.8526581,305.4923471,311.8526581,214300
05-12-2024,303.7936096,307.378695,301.7985868,306.9737649,325100
06-12-2024,300.6233215,306.1638858,299.1517391,306.0453755,265200
09-12-2024,304.4454651,306.4799713,302.4998415,304.3565824,256700
10-12-2024,303.0825195,305.8083756,298.8752252,304.5935853,287100
11-12-2024,302.4998169,306.302181,300.8998684,304.7910851,401700
12-12-2024,297.6999512,300.2776694,295.1420047,299.4776952,354100
13-12-2024,288.5446777,298.8060913,288.120006,296.3567993,263700
16-12-2024,284.2583923,287.7743369,283.6559251,286.4114088,395500
17-12-2024,276.6042786,282.1152155,274.0858155,281.6806579,722900
18-12-2024,265.1478271,279.1721217,264.1206882,276.8413098,435700
19-12-2024,260.9306641,269.1279435,259.2418028,265.9082748,500400
20-12-2024,265.690979,267.9625355,253.7999907,258.6887184,3921800
23-12-2024,266.7378845,267.3304659,263.7058971,264.9305431,404000
24-12-2024,267.62677,268.4662276,266.1157042,267.0835579,131600
26-12-2024,267.9427795,268.6834986,264.8416512,265.4836018,333700
27-12-2024,266.3922424,270.0069555,264.7231529,266.2737021,304200
30-12-2024,262.9256897,266.1453588,262.6886692,264.4960108,279900
31-12-2024,265.9280701,268.2983654,263.4491202,263.4491202,346700
02-01-2025,263.3108215,270.0958341,262.8466665,268.9501849,324800
03-01-2025,264.4367065,265.7008659,259.8146268,263.4688228,430200
06-01-2025,267.9822998,273.6710323,266.9057916,268.3082331,444800
07-01-2025,266.7675171,269.4933732,264.8811789,267.8637971,689700
08-01-2025,264.1997375,269.2860034,262.6985273,268.6637945,507600
10-01-2025,263.7355042,266.6193535,260.0615363,260.0615363,536200
13-01-2025,271.3994751,272.0315699,262.0269188,263.3207057,462300
14-01-2025,274.3228455,274.9351684,269.9772695,272.3080812,390000
15-01-2025,278.5004883,280.1399501,275.4783568,277.9474204,334300
16-01-2025,280.7621765,282.2732423,278.4412506,278.4708781,326000
17-01-2025,284.4953918,287.07311,282.6979062,283.7053035,499600
21-01-2025,286.8755798,291.9421035,286.2138575,289.2952744,499000
22-01-2025,283.9818115,289.3841236,283.9027846,285.4237361,417200
23-01-2025,284.2583923,287.5965715,281.680674,283.0139745,431700
24-01-2025,287.1224976,288.5051673,283.2312505,286.0756169,328300
27-01-2025,284.6534119,289.0285854,284.100344,286.8064281,342700
28-01-2025,289.0582275,290.5594376,284.0904724,285.413887,289700
29-01-2025,288.949585,290.5001642,287.7940499,289.0285817,391800
30-01-2025,292.8704529,293.7000546,286.6780222,290.075456,417400
31-01-2025,285.917572,292.988974,284.9398325,292.988974,496300
03-02-2025,282.3226013,287.1027351,278.9745667,283.0534647,434200
04-02-2025,278.2239685,282.6682832,276.0610663,281.7102853,455100
05-02-2025,283.0040894,283.715181,278.4314084,279.1326141,349100
06-02-2025,281.5720215,285.5718925,280.4263723,284.4361293,282100
07-02-2025,279.5375061,283.675659,279.0831767,282.3818721,294200
10-02-2025,287.5669556,294.8457513,285.0978916,294.8457513,481700
11-02-2025,286.8459473,291.8334439,285.5225327,288.6829162,233100
12-02-2025,283.6460266,286.1545734,281.4831246,283.2410966,334800
13-02-2025,287.6558228,287.8533298,282.0164593,284.2978718,294500
14-02-2025,294.0061951,295.290096,288.8014203,289.3149746,513300
18-02-2025,295.675354,296.979027,292.0606407,295.9024886,416500
19-02-2025,289.9866028,295.7839598,289.2656554,291.4976686,532000
20-02-2025,298.9147339,307.1317852,292.3272586,293.5815623,874200
21-02-2025,297.3345337,302.6874772,296.1395153,302.6874772,531400
24-02-2025,295.5074158,302.5788179,295.0432306,300.327033,755300
25-02-2025,292.3766479,296.6728247,291.4877911,293.7494317,479100
26-02-2025,290.6483154,296.9197434,290.263127,295.5271878,278000
27-02-2025,291.3495178,294.5691865,290.7470807,291.3001486,277000
28-02-2025,293.4827881,293.9173457,287.9027102,292.327253,418900
03-03-2025,285.443512,297.7592032,283.0337033,297.4530417,416100
04-03-2025,277.7499084,283.4484963,274.9153982,281.6707826,568100
05-03-2025,279.8239136,282.4016317,275.517881,278.8264323,512900
06-03-2025,279.8239136,280.5152635,275.4981393,279.8436854,362800
07-03-2025,286.5683289,287.4907199,278.6535754,279.4867057,379900
10-03-2025,280.2702332,284.8623933,278.5246396,282.2340599,400400
11-03-2025,279.3081665,283.6226166,277.5823986,281.1926605,372600
12-03-2025,275.350769,280.7363777,275.350769,280.7363777,386100
13-03-2025,276.6500854,278.8321153,272.5538382,273.8531282,385700
14-03-2025,280.4685974,281.8670759,277.1955832,279.2783939,297300
17-03-2025,277.1360779,279.625541,271.5520918,278.0584689,572200
18-03-2025,278.4651489,279.9429604,275.8764667,277.1261774,320100
19-03-2025,280.7463074,280.7463074,275.2813356,279.6057134,473100
20-03-2025,279.1990967,282.5614023,277.3939656,277.3939656,524200
21-03-2025,275.2912598,276.5508681,271.5124046,275.0135497,3081900
24-03-2025,285.0409546,286.1021857,277.8997936,279.4371122,450500
25-03-2025,290.8232727,291.8150989,284.2573883,284.2573883,420900
26-03-2025,291.9241943,293.1243258,288.9883972,290.5455716,283100
27-03-2025,291.418396,294.0169759,288.7007715,290.3769603,268600
28-03-2025,283.9400024,292.2713364,283.7019738,292.1820757,297100
31-03-2025,286.3898315,286.5882089,278.4353959,280.6670049,362400
01-04-2025,286.6476746,289.2165006,283.1663552,284.7532831,311300
02-04-2025,291.4977112,292.3506974,282.3431748,282.5812034,331600
03-04-2025,273.0696106,280.4091188,273.0001755,277.2947698,409200
04-04-2025,262.6157532,269.3006524,257.0912737,264.71842,660200
07-04-2025,261.2371216,271.9488326,248.0259891,252.995033,718600
08-04-2025,259.9377747,277.4633554,257.6962682,270.8478619,484100
09-04-2025,277.9890442,284.5450311,259.3030423,259.9576513,726500
10-04-2025,275.3408813,280.1909264,266.1565905,271.6215328,576200
11-04-2025,277.2650146,279.3577838,268.9733618,275.5789282,357800
14-04-2025,276.0549622,281.1727888,274.5077158,279.2982531,216900
15-04-2025,274.438324,279.3379479,272.6629466,275.4202222,163600
16-04-2025,272.950592,277.9295488,268.7749818,272.9208385,230300
17-04-2025,275.350769,276.5508702,270.8974793,270.8974793,272600
21-04-2025,269.6279602,273.7242073,267.7930757,273.2679454,268600
22-04-2025,277.8005981,277.8005981,270.2032058,272.0678439,266300
23-04-2025,280.795929,288.621453,279.0800888,282.0456398,345000
24-04-2025,282.8291626,286.3402358,269.6973934,274.3688863,367200
25-04-2025,281.9266052,283.9400113,278.3857783,281.0042141,301900
28-04-2025,284.9318542,287.1733913,280.8455348,282.7795779,265300
29-04-2025,285.7054443,286.3997348,281.3909944,281.5695462,239000
30-04-2025,285.8740845,286.687359,278.9213729,281.8373445,591000
01-05-2025,287.9370422,291.0017814,284.1284335,286.5980709,205600
02-05-2025,294.7905884,296.0105455,288.8991382,290.4662103,214800
05-05-2025,292.5589905,295.1476425,290.6050916,290.6050916,195400
06-05-2025,293.3425293,294.8203407,290.3571227,290.3571227,302800
07-05-2025,294.8600159,295.782407,291.4481314,294.3740005,306600
08-05-2025,293.4317932,298.3413148,292.8466194,296.2088945,228500
09-05-2025,293.8979492,294.840166,289.7521229,293.8681956,176000
12-05-2025,301.9615173,304.0245026,299.2736464,302.2689811,249500
13-05-2025,296.7147217,303.5285626,296.5163443,303.5285626,275400
14-05-2025,297.7958374,298.7380845,295.0286336,297.5379529,222700
15-05-2025,298.2719116,298.5496218,295.9014324,296.7841723,176100
16-05-2025,301.5151672,302.3383697,296.4270939,297.1908195,303400
19-05-2025,301.9713745,302.2887661,296.3873886,297.7362878,187000
20-05-2025,301.455658,302.9731508,299.7893972,301.6936866,259500
21-05-2025,297.3296509,301.3961443,296.2783176,300.0869264,280100
22-05-2025,293.4020386,298.2024738,290.8034587,297.180894,273200
23-05-2025,290.7729492,292.5654958,287.7654146,290.2550795,250500
27-05-2025,298.9987793,299.3274321,290.6235431,293.2825185,406600
28-05-2025,294.3381348,299.1979654,293.5414542,298.6303145,219400
29-05-2025,290.7330933,294.577121,288.8210174,294.577121,328200
30-05-2025,291.6094666,291.7787467,285.335493,288.2235285,696900
02-06-2025,300.6618958,308.7184477,295.7821586,302.364818,491500
03-06-2025,306.9458008,307.4437338,294.3879155,297.7539472,412400
04-06-2025,307.2943726,312.6919491,306.3781625,308.7184536,557500
05-06-2025,305.8005676,308.4396063,303.709243,308.4396063,311100
06-06-2025,308.5093079,313.7774166,307.2843819,309.5549549,276900
09-06-2025,307.8520508,310.9591477,304.605518,308.9574474,292800
10-06-2025,310.3018799,310.7002202,307.244564,309.0172042,406600
11-06-2025,306.3682251,308.6188615,300.4029672,308.6188615,413000
12-06-2025,308.6985474,309.803944,302.6934767,305.3026407,558500
13-06-2025,308.8379517,311.4073029,303.2212834,305.7109483,272600
16-06-2025,304.5557251,311.0985715,302.7133671,309.7143033,290900
17-06-2025,308.4595032,310.8993869,302.7930236,303.5299851,349300
18-06-2025,307.7723694,310.8994032,306.139165,309.1167945,411400
20-06-2025,306.2785645,310.5309316,303.0220937,310.5309316,1233000
23-06-2025,308.0512085,308.5790162,304.2868363,305.0636106,297500
24-06-2025,307.6229858,310.8595502,306.3682154,308.7184445,275700
25-06-2025,307.7624207,309.3060007,305.6113466,307.6827344,212400
26-06-2025,313.3492126,313.9467383,307.0354262,310.9989836,150800
27-06-2025,315.5002747,316.8247933,311.8354954,313.4985745,580600
30-06-2025,312.6023254,315.8687646,312.472858,314.9923977,291300
01-07-2025,320.0015869,321.6646964,310.8496069,312.1641269,389200
02-07-2025,324.0946045,324.3535394,319.6928638,321.1468499,317300
03-07-2025,325.6083069,326.9128888,322.8896124,323.2879527,159200
07-07-2025,322.4315186,326.8232912,322.4016438,323.5269772,280000
08-07-2025,326.0664368,328.9942546,321.9236308,322.2422848,283300
09-07-2025,326.5643616,328.8349346,323.6564198,327.0822009,240600
10-07-2025,331.1851807,332.3304204,326.6440343,326.6440343,346100
11-07-2025,327.1220703,331.454063,324.3635021,329.153615,368600
14-07-2025,326.7037659,328.4066881,325.1502175,326.1958645,243600
15-07-2025,320.6688232,327.7892584,320.6588549,327.7892584,187200
16-07-2025,324.5925598,325.6083322,318.7268946,320.5294096,301600
17-07-2025,329.2631531,331.1055111,323.6962662,323.6962662,327400
18-07-2025,334.8200684,335.3976876,329.4025554,331.6830968,497900
21-07-2025,337.6383972,341.7612664,334.1827412,335.9354446,700100
22-07-2025,338.7936096,346.0036694,336.8018777,336.8018777,587700
23-07-2025,342.2392883,342.8965635,336.3437487,336.9611807,477300
24-07-2025,300.084259,339.4906801,293.7804412,336.8317351,1219800
25-07-2025,304.8744202,306.7167479,296.5987461,299.6560619,761000
28-07-2025,298.859375,307.1748617,298.6104085,304.2569514,793700
29-07-2025,298.4809265,302.4046406,294.9854275,298.8593604,558700
30-07-2025,293.9497681,298.670163,293.3920552,297.4253305,493500
31-07-2025,288.930603,294.5572398,288.5720755,289.6874709,421900
01-08-2025,282.2582703,285.5645524,280.5752544,284.5587181,459900
04-08-2025,283.4832153,286.0525362,281.8300741,283.403529,345000
05-08-2025,286.5903015,287.6957285,283.6027037,285.116409,287800
06-08-2025,284.79776,288.7214743,284.4591692,286.2318094,289500
07-08-2025,284.289856,287.0284873,281.3918824,286.3911185,360400
08-08-2025,283.8516541,288.0044282,283.433377,286.2915376,316300
11-08-2025,281.9595337,285.1064738,280.0076449,283.1943978,344700
12-08-2025,285.3255615,286.8492352,282.0292477,283.6823584,366500
13-08-2025,292.4459839,293.1829149,286.1819789,286.2915399,236400
14-08-2025,289.0700073,289.1496936,285.2757604,288.3330762,263600
15-08-2025,286.0599976,291.3999939,286.0599976,291.3999939,291600
18-08-2025,283.3299866,287.1199951,281.6400146,286,291000
19-08-2025,287.1700134,288.9899902,284.3200073,284.7399902,307600
20-08-2025,286.0899963,291.8399963,283.0400085,286.8599854,504900
21-08-2025,285.8500061,286.25,283.4400024,283.6499939,305800
22-08-2025,294.5400085,295.0100098,286.1099854,287.4899902,305700
25-08-2025,294.3299866,296.8299866,292.6000061,294.7600098,270700
26-08-2025,295.3399963,295.9700012,290.9100037,294.9299927,395500
27-08-2025,295.1900024,296.3099976,293.2000122,293.4899902,296500
28-08-2025,294.3200073,296.9599915,291,296.9599915,225700
29-08-2025,295.6600037,298.0299988,294.019989,294.2600098,359900
02-09-2025,290.3699951,292.3500061,288.9299927,292.3500061,200700
03-09-2025,289.8399963,291.4599915,287.3900146,289.1799927,181500
04-09-2025,294.9599915,294.9700012,287.5100098,289.3200073,286300
05-09-2025,298.9899902,302.480011,295.7999878,296.3699951,238000
08-09-2025,298.019989,301.25,295.9599915,299.0899963,262000
09-09-2025,293.0700073,302.3900146,292.3500061,300.6199951,232000
10-09-2025,292.2900085,296.6700134,290.25,292.3900146,203800
11-09-2025,296.8299866,298.6099854,292.519989,292.9500122,197500
12-09-2025,290.7200012,297.6900024,290.4400024,295.2600098,227300
15-09-2025,290.9400024,293.1000061,288.5499878,291.2099915,283900
16-09-2025,290.3699951,295.2200012,289.7900085,293.2399902,252000
17-09-2025,288.5799866,297.1400146,287.4200134,289.9700012,288700
